x_m,y_m,vx_mps
-1.065728932037539423e+01,1.184953029554542514e+00,1.000000000000000000e+00
-1.057849269512295010e+01,1.177204181719274878e+00,1.000000000000000000e+00
-1.050354737180536091e+01,1.176454858117597757e+00,1.000000000000000000e+00
-1.035564649615582233e+01,1.179960144365870045e+00,1.000000000000000000e+00
-1.025000000000006750e+01,1.180000000000005489e+00,1.000000000000000000e+00
-1.010000000000006892e+01,1.180000000000005489e+00,1.000000000000000000e+00
-9.950000000000066791e+00,1.180000000000005489e+00,1.000000000000000000e+00
-9.850000000000065370e+00,1.180000000000005489e+00,1.000000000000000000e+00
-9.706587341846812933e+00,1.179945754981095662e+00,1.000000000000000000e+00
-9.596561213056629569e+00,1.184102865216147382e+00,1.000000000000000000e+00
-9.464127038466338959e+00,1.176668708762975912e+00,1.000000000000000000e+00
-9.346370953576762730e+00,1.162497201283381631e+00,1.000000000000000000e+00
-9.242854690259948214e+00,1.147118692891657021e+00,1.000000000000000000e+00
-9.153440816682715919e+00,1.134520881287672367e+00,1.000000000000000000e+00
-9.078492695122937661e+00,1.127204181719274834e+00,1.000000000000000000e+00
-9.004434116674907784e+00,1.126446010741875448e+00,1.000000000000000000e+00
-8.907057724661349596e+00,1.129937730806446661e+00,1.000000000000000000e+00
-8.800000000000057554e+00,1.130000000000005445e+00,1.000000000000000000e+00
-8.650000000000058975e+00,1.130000000000005445e+00,1.000000000000000000e+00
-8.550000000000055778e+00,1.130000000000005445e+00,1.000000000000000000e+00
-8.400000000000055422e+00,1.130000000000005445e+00,1.000000000000000000e+00
-8.300000000000054001e+00,1.130000000000005445e+00,1.000000000000000000e+00
-8.150000000000055422e+00,1.130000000000005445e+00,1.000000000000000000e+00
-8.000000000000053291e+00,1.130000000000005445e+00,1.000000000000000000e+00
-7.900000000000051870e+00,1.130000000000005445e+00,1.000000000000000000e+00
-7.807057724661340181e+00,1.129937730806446661e+00,1.000000000000000000e+00
-7.704434116674897304e+00,1.133504834271287232e+00,1.000000000000000000e+00
-7.578492695122927891e+00,1.131638570859546444e+00,1.000000000000000000e+00
-7.453440816682702419e+00,1.120041243278622645e+00,1.000000000000000000e+00
-7.342854690259935424e+00,1.104675253977629890e+00,1.000000000000000000e+00
-7.246370953576747098e+00,1.090280006713245653e+00,1.000000000000000000e+00
-7.164127038466321373e+00,1.080107622790124733e+00,1.000000000000000000e+00
-7.096561213056612694e+00,1.075867571098500175e+00,1.000000000000000000e+00
-7.008233549302933518e+00,1.079915251854541181e+00,1.000000000000000000e+00
-6.900000000000045652e+00,1.080000000000005400e+00,1.000000000000000000e+00
-6.800000000000044231e+00,1.080000000000005400e+00,1.000000000000000000e+00
-6.700000000000043698e+00,1.080000000000005400e+00,1.000000000000000000e+00
-6.600000000000043165e+00,1.080000000000005400e+00,1.000000000000000000e+00
-6.500000000000041744e+00,1.080000000000005400e+00,1.000000000000000000e+00
-6.400000000000041211e+00,1.080000000000005400e+00,1.000000000000000000e+00
-6.250000000000040856e+00,1.080000000000005400e+00,1.000000000000000000e+00
-6.157057724661330056e+00,1.079937730806446394e+00,1.000000000000000000e+00
-6.054434116674886290e+00,1.083504834271287187e+00,1.000000000000000000e+00
-5.928492695122916878e+00,1.081638570859546178e+00,1.000000000000000000e+00
-5.803440816682691406e+00,1.070041243278622156e+00,1.000000000000000000e+00
-5.692854690259923522e+00,1.054675253977629179e+00,1.000000000000000000e+00
-5.596370953576735197e+00,1.040280006713244720e+00,1.000000000000000000e+00
-5.514127038466309472e+00,1.030107622790123800e+00,1.000000000000000000e+00
-5.446561213056600792e+00,1.025867571098499020e+00,1.000000000000000000e+00
-5.358233549302921617e+00,1.029915251854540026e+00,1.000000000000000000e+00
-5.250000000000033751e+00,1.030000000000004245e+00,1.000000000000000000e+00
-5.100000000000033396e+00,1.030000000000004245e+00,1.000000000000000000e+00
-5.000000000000031974e+00,1.030000000000004245e+00,1.000000000000000000e+00
-4.900000000000031442e+00,1.030000000000004245e+00,1.000000000000000000e+00
-4.800000000000030909e+00,1.030000000000004245e+00,1.000000000000000000e+00
-4.650000000000030553e+00,1.030000000000004245e+00,1.000000000000000000e+00
-4.550000000000029132e+00,1.030000000000004245e+00,1.000000000000000000e+00
-4.450000000000028599e+00,1.030000000000004245e+00,1.000000000000000000e+00
-4.350000000000028066e+00,1.030000000000004245e+00,1.000000000000000000e+00
-4.258233549302913978e+00,1.029915251854540026e+00,1.000000000000000000e+00
-4.146561213056592088e+00,1.034102865216146139e+00,1.000000000000000000e+00
-4.014127038466300590e+00,1.026668708762974447e+00,1.000000000000000000e+00
-3.896370953576724361e+00,1.012497201283380166e+00,1.000000000000000000e+00
-3.792854690259911621e+00,9.971186928916557779e-01,1.000000000000000000e+00
-3.703440816682678438e+00,9.845208812876711235e-01,1.000000000000000000e+00
-3.628492695122901068e+00,9.772041817192733681e-01,1.000000000000000000e+00
-3.554434116674868971e+00,9.764460107418739820e-01,1.000000000000000000e+00
-3.457057724661311671e+00,9.799377308064451952e-01,1.000000000000000000e+00
-3.350000000000020961e+00,9.800000000000040901e-01,1.000000000000000000e+00
-3.250000000000019984e+00,9.800000000000040901e-01,1.000000000000000000e+00
-3.150000000000019451e+00,9.800000000000040901e-01,1.000000000000000000e+00
-3.050000000000018474e+00,9.800000000000040901e-01,1.000000000000000000e+00
-2.950000000000018385e+00,9.800000000000040901e-01,1.000000000000000000e+00
-2.850000000000017408e+00,9.800000000000040901e-01,1.000000000000000000e+00
-2.750000000000016875e+00,9.800000000000040901e-01,1.000000000000000000e+00
-2.650000000000015898e+00,9.800000000000040901e-01,1.000000000000000000e+00
-2.550000000000015810e+00,9.800000000000040901e-01,1.000000000000000000e+00
-2.450000000000014388e+00,9.800000000000040901e-01,1.000000000000000000e+00
-2.350000000000013856e+00,9.800000000000040901e-01,1.000000000000000000e+00
-2.250000000000012879e+00,9.800000000000040901e-01,1.000000000000000000e+00
-2.150000000000011902e+00,9.800000000000040901e-01,1.000000000000000000e+00
-2.050000000000011369e+00,9.800000000000040901e-01,1.000000000000000000e+00
-1.950000000000010392e+00,9.800000000000040901e-01,1.000000000000000000e+00
-1.850000000000009859e+00,9.800000000000040901e-01,1.000000000000000000e+00
-1.758233549302896437e+00,9.799152518545399815e-01,1.000000000000000000e+00
-1.646561213056574546e+00,9.841028652161460943e-01,1.000000000000000000e+00
-1.514127038466282826e+00,9.766687087629744024e-01,1.000000000000000000e+00
-1.396370953576706597e+00,9.624972012833798996e-01,1.000000000000000000e+00
-1.292854690259893857e+00,9.471186928916557335e-01,1.000000000000000000e+00
-1.203440816682660230e+00,9.345208812876710791e-01,1.000000000000000000e+00
-1.128492695122883083e+00,9.272041817192732127e-01,1.000000000000000000e+00
-1.054434116674850763e+00,9.264460107418739376e-01,1.000000000000000000e+00
-9.570577246612933520e-01,9.299377308064449288e-01,1.000000000000000000e+00
-8.500000000000030864e-01,9.300000000000038236e-01,1.000000000000000000e+00
-7.500000000000022204e-01,9.300000000000038236e-01,1.000000000000000000e+00
-6.500000000000016875e-01,9.300000000000038236e-01,1.000000000000000000e+00
-5.500000000000009326e-01,9.300000000000038236e-01,1.000000000000000000e+00
-4.500000000000001776e-01,9.300000000000038236e-01,1.000000000000000000e+00
-3.499999999999996447e-01,9.300000000000038236e-01,1.000000000000000000e+00
-2.499999999999987788e-01,9.300000000000038236e-01,1.000000000000000000e+00
-1.582335493028857176e-01,9.299152518545397150e-01,1.000000000000000000e+00
-4.656121305656375775e-02,9.341028652161458279e-01,1.000000000000000000e+00
8.587296153372822594e-02,9.266687087629742470e-01,1.000000000000000000e+00
2.036290464233041775e-01,9.124972012833796331e-01,1.000000000000000000e+00
3.071453097401172228e-01,8.971186928916554670e-01,1.000000000000000000e+00
3.965591833173506275e-01,8.845208812876707016e-01,1.000000000000000000e+00
4.715073048771275532e-01,8.772041817192730573e-01,1.000000000000000000e+00
5.455658833251598727e-01,8.764460107418737822e-01,1.000000000000000000e+00
6.429422753387171729e-01,8.799377308064448844e-01,1.000000000000000000e+00
7.500000000000081046e-01,8.800000000000037792e-01,1.000000000000000000e+00
8.500000000000085265e-01,8.800000000000037792e-01,1.000000000000000000e+00
9.500000000000093925e-01,8.800000000000037792e-01,1.000000000000000000e+00
1.050000000000010036e+00,8.800000000000037792e-01,1.000000000000000000e+00
1.150000000000010569e+00,8.800000000000037792e-01,1.000000000000000000e+00
1.250000000000011546e+00,8.800000000000037792e-01,1.000000000000000000e+00
1.350000000000012079e+00,8.800000000000037792e-01,1.000000000000000000e+00
1.450000000000012834e+00,8.800000000000037792e-01,1.000000000000000000e+00
1.550000000000013589e+00,8.800000000000037792e-01,1.000000000000000000e+00
1.642942275338723945e+00,8.799377308064448844e-01,1.000000000000000000e+00
1.745565883325168599e+00,8.835048342712854552e-01,1.000000000000000000e+00
1.871507304877137567e+00,8.816385708595445569e-01,1.000000000000000000e+00
1.996559183317361708e+00,8.700412432786208683e-01,1.000000000000000000e+00
2.107145309740129591e+00,8.546752539776283353e-01,1.000000000000000000e+00
2.203629046423317916e+00,8.402800067132438766e-01,1.000000000000000000e+00
2.285872961533743197e+00,8.301076227901231785e-01,1.000000000000000000e+00
2.353438786943452765e+00,8.258675710984985097e-01,1.000000000000000000e+00
2.441766450697132385e+00,8.299152518545396262e-01,1.000000000000000000e+00
2.550000000000020250e+00,8.300000000000036238e-01,1.000000000000000000e+00
2.650000000000020783e+00,8.300000000000036238e-01,1.000000000000000000e+00
2.750000000000021760e+00,8.300000000000036238e-01,1.000000000000000000e+00
2.850000000000021849e+00,8.300000000000036238e-01,1.000000000000000000e+00
2.950000000000022826e+00,8.300000000000036238e-01,1.000000000000000000e+00
3.034717049633766539e+00,8.297079326559648749e-01,1.000000000000000000e+00
3.133723898139861408e+00,8.373157822786436721e-01,1.000000000000000000e+00
3.306003965041898862e+00,8.342048371562226228e-01,1.000000000000000000e+00
3.497395136516630032e+00,7.812195428938352171e-01,1.000000000000000000e+00
3.640379918676845072e+00,7.106577584442337336e-01,1.000000000000000000e+00
3.740379918676846493e+00,6.529202018831475884e-01,1.000000000000000000e+00
3.797395136516631631e+00,6.224865112196261707e-01,1.000000000000000000e+00
3.806003965041901527e+00,6.179152443960400642e-01,1.000000000000000000e+00
3.840771687685123226e+00,6.222464748223901498e-01,1.000000000000000000e+00
3.939144271557083243e+00,6.263232525505073589e-01,1.000000000000000000e+00
4.028492695122909417e+00,6.272041817192712809e-01,1.000000000000000000e+00
4.103440816682685011e+00,6.345208812876690363e-01,1.000000000000000000e+00
4.192854690259919082e+00,6.471186928916539127e-01,1.000000000000000000e+00
4.296370953576731821e+00,6.624972012833780788e-01,1.000000000000000000e+00
4.407170720112052464e+00,6.759809990891041398e-01,1.000000000000000000e+00
4.542128221569032398e+00,6.875695952031826153e-01,1.000000000000000000e+00
4.679691616393727216e+00,6.811136822908621102e-01,1.000000000000000000e+00
4.796559183317381070e+00,6.700412432786193584e-01,1.000000000000000000e+00
4.907145309740148953e+00,6.546752539776267144e-01,1.000000000000000000e+00
5.003629046423336391e+00,6.402800067132423667e-01,1.000000000000000000e+00
5.085872961533763004e+00,6.301076227901216686e-01,1.000000000000000000e+00
5.153438786943471683e+00,6.258675710984968887e-01,1.000000000000000000e+00
5.241766450697151747e+00,6.299152518545380053e-01,1.000000000000000000e+00
5.350000000000039613e+00,6.300000000000021139e-01,1.000000000000000000e+00
5.450000000000040146e+00,6.300000000000021139e-01,1.000000000000000000e+00
5.600000000000040501e+00,6.300000000000021139e-01,1.000000000000000000e+00
5.700000000000041922e+00,6.300000000000021139e-01,1.000000000000000000e+00
5.850000000000042277e+00,6.300000000000021139e-01,1.000000000000000000e+00
5.950000000000042810e+00,6.300000000000021139e-01,1.000000000000000000e+00
6.100000000000044054e+00,6.300000000000021139e-01,1.000000000000000000e+00
6.200000000000045475e+00,6.300000000000021139e-01,1.000000000000000000e+00
6.350000000000045830e+00,6.300000000000021139e-01,1.000000000000000000e+00
6.450000000000047251e+00,6.300000000000021139e-01,1.000000000000000000e+00
6.550000000000047784e+00,6.300000000000021139e-01,1.000000000000000000e+00
6.650000000000048317e+00,6.300000000000021139e-01,1.000000000000000000e+00
6.800000000000048672e+00,6.300000000000021139e-01,1.000000000000000000e+00
6.900000000000050093e+00,6.300000000000021139e-01,1.000000000000000000e+00
7.000000000000050626e+00,6.300000000000021139e-01,1.000000000000000000e+00
7.100000000000051159e+00,6.300000000000021139e-01,1.000000000000000000e+00
7.200000000000052580e+00,6.300000000000021139e-01,1.000000000000000000e+00
7.350000000000052935e+00,6.300000000000021139e-01,1.000000000000000000e+00
7.500000000000053291e+00,6.300000000000021139e-01,1.000000000000000000e+00
7.600000000000054712e+00,6.300000000000021139e-01,1.000000000000000000e+00
7.700000000000056133e+00,6.300000000000021139e-01,1.000000000000000000e+00
7.850000000000055600e+00,6.300000000000021139e-01,1.000000000000000000e+00
7.950000000000057021e+00,6.300000000000021139e-01,1.000000000000000000e+00
8.051574129951919900e+00,6.297509301633228418e-01,1.000000000000000000e+00
8.050062269193619002e+00,6.729422753387143130e-01,1.000000000000000000e+00
8.050000000000059330e+00,7.800000000000055778e-01,1.000000000000000000e+00
8.050000000000059330e+00,8.800000000000063327e-01,1.000000000000000000e+00
8.050000000000059330e+00,9.800000000000068656e-01,1.000000000000000000e+00
8.050000000000059330e+00,1.080000000000007621e+00,1.000000000000000000e+00
8.050000000000059330e+00,1.180000000000008376e+00,1.000000000000000000e+00
8.050084748145524216e+00,1.271766450697121797e+00,1.000000000000000000e+00
8.045897134783917437e+00,1.383438786943444354e+00,1.000000000000000000e+00
8.054145165569657649e+00,1.523985029076051934e+00,1.000000000000000000e+00
8.071181326682797419e+00,1.630276815595256057e+00,1.000000000000000000e+00
8.077647191332481214e+00,1.701687509440575674e+00,1.000000000000000000e+00
8.078934280911383325e+00,1.772761366563465613e+00,1.000000000000000000e+00
8.075066889281346860e+00,1.843948233054682806e+00,1.000000000000000000e+00
8.064020339947207461e+00,1.929104836856091021e+00,1.000000000000000000e+00
8.048801159162161767e+00,2.051475520312091572e+00,1.000000000000000000e+00
8.046495165728778431e+00,2.184434116674862203e+00,1.000000000000000000e+00
8.050062269193619002e+00,2.287057724661306413e+00,1.000000000000000000e+00
8.050000000000059330e+00,2.380000000000016325e+00,1.000000000000000000e+00
8.050000000000059330e+00,2.480000000000017302e+00,1.000000000000000000e+00
8.050000000000059330e+00,2.580000000000017835e+00,1.000000000000000000e+00
8.050000000000059330e+00,2.680000000000018812e+00,1.000000000000000000e+00
8.050000000000059330e+00,2.780000000000018900e+00,1.000000000000000000e+00
8.050000000000059330e+00,2.880000000000019877e+00,1.000000000000000000e+00
8.050000000000059330e+00,2.980000000000020410e+00,1.000000000000000000e+00
8.050000000000059330e+00,3.080000000000021387e+00,1.000000000000000000e+00
8.050000000000059330e+00,3.180000000000021920e+00,1.000000000000000000e+00
8.050000000000059330e+00,3.280000000000022453e+00,1.000000000000000000e+00
8.050000000000059330e+00,3.380000000000023430e+00,1.000000000000000000e+00
8.050000000000059330e+00,3.480000000000024407e+00,1.000000000000000000e+00
8.050000000000059330e+00,3.580000000000024496e+00,1.000000000000000000e+00
8.050000000000059330e+00,3.680000000000025473e+00,1.000000000000000000e+00
8.050000000000059330e+00,3.780000000000026450e+00,1.000000000000000000e+00
8.050000000000059330e+00,3.880000000000027427e+00,1.000000000000000000e+00
8.050000000000059330e+00,3.980000000000027516e+00,1.000000000000000000e+00
8.050000000000059330e+00,4.080000000000028493e+00,1.000000000000000000e+00
8.050000000000059330e+00,4.180000000000029026e+00,1.000000000000000000e+00
8.050000000000059330e+00,4.280000000000029559e+00,1.000000000000000000e+00
8.050000000000059330e+00,4.380000000000030091e+00,1.000000000000000000e+00
8.050000000000059330e+00,4.480000000000030624e+00,1.000000000000000000e+00
8.050000000000059330e+00,4.580000000000032045e+00,1.000000000000000000e+00
8.050000000000059330e+00,4.680000000000032578e+00,1.000000000000000000e+00
8.050000000000059330e+00,4.780000000000033111e+00,1.000000000000000000e+00
8.050000000000059330e+00,4.880000000000033644e+00,1.000000000000000000e+00
8.050000000000059330e+00,4.980000000000035065e+00,1.000000000000000000e+00
8.050000000000059330e+00,5.080000000000035598e+00,1.000000000000000000e+00
8.050000000000059330e+00,5.180000000000036131e+00,1.000000000000000000e+00
8.050000000000059330e+00,5.280000000000036664e+00,1.000000000000000000e+00
8.050000000000059330e+00,5.380000000000037197e+00,1.000000000000000000e+00
8.050000000000059330e+00,5.480000000000037730e+00,1.000000000000000000e+00
8.050000000000059330e+00,5.580000000000038263e+00,1.000000000000000000e+00
8.050000000000059330e+00,5.730000000000039506e+00,1.000000000000000000e+00
8.050000000000059330e+00,5.830000000000040039e+00,1.000000000000000000e+00
8.050000000000059330e+00,5.930000000000040572e+00,1.000000000000000000e+00
8.050000000000059330e+00,6.030000000000041993e+00,1.000000000000000000e+00
8.050000000000059330e+00,6.130000000000042526e+00,1.000000000000000000e+00
8.050000000000059330e+00,6.280000000000042881e+00,1.000000000000000000e+00
8.050000000000059330e+00,6.380000000000044302e+00,1.000000000000000000e+00
8.050000000000059330e+00,6.480000000000044835e+00,1.000000000000000000e+00
8.050001730092640528e+00,6.578823534500318537e+00,1.000000000000000000e+00
8.049411928502651747e+00,6.679638009198054505e+00,1.000000000000000000e+00
8.050219744630959795e+00,6.797900600330140541e+00,1.000000000000000000e+00
8.060689781060466075e+00,6.923007158850543519e+00,1.000000000000000000e+00
8.075059359802658321e+00,7.033629046423352627e+00,1.000000000000000000e+00
8.088579788977078522e+00,7.130100077376570589e+00,1.000000000000000000e+00
8.098002465502027292e+00,7.212292439686390999e+00,1.000000000000000000e+00
8.101862175846655134e+00,7.293657191017661745e+00,1.000000000000000000e+00
8.103542678646313391e+00,7.376742189504065017e+00,1.000000000000000000e+00
8.100062269193621489e+00,7.472942275338764873e+00,1.000000000000000000e+00
8.100000000000061817e+00,7.580000000000053362e+00,1.000000000000000000e+00
8.100000000000061817e+00,7.730000000000053717e+00,1.000000000000000000e+00
8.100000000000061817e+00,7.830000000000054250e+00,1.000000000000000000e+00
8.100000000000061817e+00,7.930000000000054783e+00,1.000000000000000000e+00
8.100000000000061817e+00,8.080000000000055138e+00,1.000000000000000000e+00
8.100000000000061817e+00,8.180000000000056559e+00,1.000000000000000000e+00
8.100000000000061817e+00,8.280000000000057980e+00,1.000000000000000000e+00
8.100000000000061817e+00,8.430000000000056559e+00,1.000000000000000000e+00
8.100292067344101454e+00,8.545282950366315688e+00,1.000000000000000000e+00
8.103190756388467975e+00,8.583262574177286552e+00,1.000000000000000000e+00
8.062229574215079353e+00,8.580186996816674849e+00,1.000000000000000000e+00
7.900000000000057199e+00,8.580000000000062244e+00,1.000000000000000000e+00
7.750000000000056843e+00,8.580000000000062244e+00,1.000000000000000000e+00
7.650000000000055422e+00,8.580000000000062244e+00,1.000000000000000000e+00
7.550000000000054889e+00,8.580000000000062244e+00,1.000000000000000000e+00
7.450000000000054357e+00,8.580000000000062244e+00,1.000000000000000000e+00
7.350000000000052935e+00,8.580000000000062244e+00,1.000000000000000000e+00
7.200000000000052580e+00,8.580000000000062244e+00,1.000000000000000000e+00
7.100000000000051159e+00,8.580000000000062244e+00,1.000000000000000000e+00
6.950000000000050804e+00,8.580000000000062244e+00,1.000000000000000000e+00
6.850000000000049383e+00,8.580000000000062244e+00,1.000000000000000000e+00
6.750000000000048850e+00,8.580000000000062244e+00,1.000000000000000000e+00
6.650000000000048317e+00,8.580000000000062244e+00,1.000000000000000000e+00
6.550000000000047784e+00,8.580000000000062244e+00,1.000000000000000000e+00
6.458233549302934584e+00,8.580084748145527129e+00,1.000000000000000000e+00
6.346561213056610917e+00,8.575897134783920350e+00,1.000000000000000000e+00
6.214127038466320307e+00,8.583331291237092486e+00,1.000000000000000000e+00
6.096370953576744078e+00,8.597502798716687877e+00,1.000000000000000000e+00
5.992854690259931338e+00,8.612881307108411377e+00,1.000000000000000000e+00
5.903440816682697267e+00,8.625479118712396698e+00,1.000000000000000000e+00
5.828492695122923450e+00,8.632795818280794009e+00,1.000000000000000000e+00
5.754434116674890021e+00,8.633553989258192729e+00,1.000000000000000000e+00
5.657057724661328280e+00,8.630062269193622626e+00,1.000000000000000000e+00
5.550000000000040679e+00,8.630000000000062954e+00,1.000000000000000000e+00
5.450000000000040146e+00,8.630000000000062954e+00,1.000000000000000000e+00
5.300000000000039790e+00,8.630000000000062954e+00,1.000000000000000000e+00
5.200000000000038369e+00,8.630000000000062954e+00,1.000000000000000000e+00
5.050000000000038014e+00,8.630000000000062954e+00,1.000000000000000000e+00
4.950000000000036593e+00,8.630000000000062954e+00,1.000000000000000000e+00
4.850000000000036060e+00,8.630000000000062954e+00,1.000000000000000000e+00
4.750000000000035527e+00,8.630000000000062954e+00,1.000000000000000000e+00
4.658233549302925880e+00,8.630084748145527840e+00,1.000000000000000000e+00
4.546561213056603101e+00,8.625897134783919284e+00,1.000000000000000000e+00
4.414127038466308051e+00,8.633331291237091420e+00,1.000000000000000000e+00
4.296370953576731821e+00,8.647502798716686812e+00,1.000000000000000000e+00
4.192854690259915529e+00,8.662881307108410311e+00,1.000000000000000000e+00
4.103440816682681458e+00,8.675479118712397408e+00,1.000000000000000000e+00
4.028492695122908529e+00,8.682795818280794720e+00,1.000000000000000000e+00
3.954434116674876876e+00,8.683553989258195216e+00,1.000000000000000000e+00
3.857057724661319575e+00,8.680062269193623337e+00,1.000000000000000000e+00
3.750000000000028422e+00,8.680000000000063665e+00,1.000000000000000000e+00
3.658233549302914778e+00,8.680084748145528550e+00,1.000000000000000000e+00
3.546561213056596440e+00,8.675897134783921771e+00,1.000000000000000000e+00
3.414127038466304054e+00,8.683331291237092131e+00,1.000000000000000000e+00
3.296370953576725160e+00,8.697502798716687522e+00,1.000000000000000000e+00
3.192854690259911976e+00,8.712881307108411022e+00,1.000000000000000000e+00
3.103440816682681902e+00,8.725479118712396343e+00,1.000000000000000000e+00
3.028492695122904976e+00,8.732795818280791877e+00,1.000000000000000000e+00
2.954434116674869770e+00,8.733553989258192374e+00,1.000000000000000000e+00
2.857057724661312470e+00,8.730062269193620494e+00,1.000000000000000000e+00
2.750000000000021760e+00,8.730000000000060822e+00,1.000000000000000000e+00
2.657057724661307851e+00,8.730062269193620494e+00,1.000000000000000000e+00
2.554434116674867195e+00,8.726495165728781700e+00,1.000000000000000000e+00
2.428492695122897338e+00,8.728361429140520045e+00,1.000000000000000000e+00
2.303440816682669645e+00,8.739958756721446065e+00,1.000000000000000000e+00
2.192854690259909312e+00,8.755324746022438376e+00,1.000000000000000000e+00
2.096370953576716989e+00,8.769719993286821946e+00,1.000000000000000000e+00
2.014127038466287711e+00,8.779892377209943533e+00,1.000000000000000000e+00
1.946561213056581474e+00,8.784132428901568090e+00,1.000000000000000000e+00
1.858233549302902743e+00,8.780084748145528195e+00,1.000000000000000000e+00
1.750000000000015099e+00,8.780000000000063309e+00,1.000000000000000000e+00
1.650000000000014122e+00,8.780000000000063309e+00,1.000000000000000000e+00
1.550000000000013589e+00,8.780000000000063309e+00,1.000000000000000000e+00
1.450000000000012834e+00,8.780000000000063309e+00,1.000000000000000000e+00
1.350000000000012079e+00,8.780000000000063309e+00,1.000000000000000000e+00
1.257057724661302389e+00,8.780062269193622981e+00,1.000000000000000000e+00
1.154434116674857513e+00,8.776495165728782410e+00,1.000000000000000000e+00
1.021475520312087548e+00,8.778801159162165746e+00,1.000000000000000000e+00
8.991048368560899950e-01,8.794020339947211440e+00,1.000000000000000000e+00
8.139482330546817801e-01,8.805066889281349063e+00,1.000000000000000000e+00
7.427613665634611451e-01,8.808934280911385528e+00,1.000000000000000000e+00
6.716875094405676538e-01,8.807647191332483416e+00,1.000000000000000000e+00
6.002768155952482587e-01,8.801181326682801398e+00,1.000000000000000000e+00
4.939850290760475771e-01,8.784145165569661629e+00,1.000000000000000000e+00
3.534387869434398310e-01,8.775897134783921416e+00,1.000000000000000000e+00
2.417664506971176075e-01,8.780084748145528195e+00,1.000000000000000000e+00
1.500000000000037692e-01,8.780000000000063309e+00,1.000000000000000000e+00
5.000000000000322936e-02,8.780000000000063309e+00,1.000000000000000000e+00
-4.999999999999750477e-02,8.780000000000063309e+00,1.000000000000000000e+00
-1.499999999999982181e-01,8.780000000000063309e+00,1.000000000000000000e+00
-2.429422753387079914e-01,8.780062269193622981e+00,1.000000000000000000e+00
-3.455658833251527007e-01,8.776495165728782410e+00,1.000000000000000000e+00
-4.715073048771225017e-01,8.778361429140522532e+00,1.000000000000000000e+00
-5.965591833173466974e-01,8.789958756721446775e+00,1.000000000000000000e+00
-7.071453097401146914e-01,8.805324746022439086e+00,1.000000000000000000e+00
-8.036290464233029063e-01,8.819719993286824433e+00,1.000000000000000000e+00
-8.858729615337285201e-01,8.829892377209944243e+00,1.000000000000000000e+00
-9.534387869434381990e-01,8.834132428901568801e+00,1.000000000000000000e+00
-1.041766450697117152e+00,8.830084748145528906e+00,1.000000000000000000e+00
-1.150000000000005018e+00,8.830000000000064020e+00,1.000000000000000000e+00
-1.250000000000005551e+00,8.830000000000064020e+00,1.000000000000000000e+00
-1.341766450697115864e+00,8.830084748145528906e+00,1.000000000000000000e+00
-1.453438786943438199e+00,8.825897134783920350e+00,1.000000000000000000e+00
-1.585872961533736580e+00,8.833331291237092486e+00,1.000000000000000000e+00
-1.703629046423312587e+00,8.847502798716689654e+00,1.000000000000000000e+00
-1.807145309740122219e+00,8.862881307108413154e+00,1.000000000000000000e+00
-1.896559183317355624e+00,8.875479118712398474e+00,1.000000000000000000e+00
-1.971507304877132771e+00,8.882795818280795785e+00,1.000000000000000000e+00
-2.045565883325164425e+00,8.883553989258196282e+00,1.000000000000000000e+00
-2.142942275338721281e+00,8.880062269193624402e+00,1.000000000000000000e+00
-2.250000000000012879e+00,8.880000000000064730e+00,1.000000000000000000e+00
-2.350000000000013856e+00,8.880000000000064730e+00,1.000000000000000000e+00
-2.450000000000014388e+00,8.880000000000064730e+00,1.000000000000000000e+00
-2.550000000000015810e+00,8.880000000000064730e+00,1.000000000000000000e+00
-2.650000000000015898e+00,8.880000000000064730e+00,1.000000000000000000e+00
-2.750000000000016875e+00,8.880000000000064730e+00,1.000000000000000000e+00
-2.850000000000017408e+00,8.880000000000064730e+00,1.000000000000000000e+00
-2.950000000000018385e+00,8.880000000000064730e+00,1.000000000000000000e+00
-3.041766450697131585e+00,8.880084748145529616e+00,1.000000000000000000e+00
-3.153438786943453920e+00,8.875897134783922837e+00,1.000000000000000000e+00
-3.285872961533745418e+00,8.883331291237094973e+00,1.000000000000000000e+00
-3.403629046423321647e+00,8.897502798716690364e+00,1.000000000000000000e+00
-3.507145309740134387e+00,8.912881307108413864e+00,1.000000000000000000e+00
-3.596559183317368014e+00,8.925479118712399185e+00,1.000000000000000000e+00
-3.671507304877144939e+00,8.932795818280796496e+00,1.000000000000000000e+00
-3.745565883325176593e+00,8.933553989258196992e+00,1.000000000000000000e+00
-3.842942275338733893e+00,8.930062269193625113e+00,1.000000000000000000e+00
-3.950000000000025047e+00,8.930000000000065441e+00,1.000000000000000000e+00
-4.050000000000025580e+00,8.930000000000065441e+00,1.000000000000000000e+00
-4.150000000000026112e+00,8.930000000000065441e+00,1.000000000000000000e+00
-4.250000000000026645e+00,8.930000000000065441e+00,1.000000000000000000e+00
-4.350000000000028066e+00,8.930000000000065441e+00,1.000000000000000000e+00
-4.450000000000028599e+00,8.930000000000065441e+00,1.000000000000000000e+00
-4.550000000000029132e+00,8.930000000000065441e+00,1.000000000000000000e+00
-4.642942275338739933e+00,8.930062269193625113e+00,1.000000000000000000e+00
-4.745565883325182810e+00,8.926495165728784542e+00,1.000000000000000000e+00
-4.871507304877153111e+00,8.928361429140524663e+00,1.000000000000000000e+00
-4.996559183317373254e+00,8.939958756721448907e+00,1.000000000000000000e+00
-5.107145309740142025e+00,8.955324746022439442e+00,1.000000000000000000e+00
-5.203629046423329463e+00,8.969719993286823012e+00,1.000000000000000000e+00
-5.285872961533755188e+00,8.979892377209942822e+00,1.000000000000000000e+00
-5.353438786943469196e+00,8.984132428901567380e+00,1.000000000000000000e+00
-5.441766450697147484e+00,8.980084748145527485e+00,1.000000000000000000e+00
-5.550000000000035350e+00,8.980000000000062599e+00,1.000000000000000000e+00
-5.642942275338746150e+00,8.980062269193622271e+00,1.000000000000000000e+00
-5.745565883325189915e+00,8.976495165728781700e+00,1.000000000000000000e+00
-5.871507304877160216e+00,8.978361429140521821e+00,1.000000000000000000e+00
-5.996559183317384800e+00,8.989958756721446065e+00,1.000000000000000000e+00
-6.107145309740156236e+00,9.005324746022438376e+00,1.000000000000000000e+00
-6.203629046423343674e+00,9.019719993286825499e+00,1.000000000000000000e+00
-6.285872961533766734e+00,9.029892377209945309e+00,1.000000000000000000e+00
-6.353438786943475414e+00,9.034132428901569867e+00,1.000000000000000000e+00
-6.441766450697154589e+00,9.030084748145529971e+00,1.000000000000000000e+00
-6.550000000000042455e+00,9.030000000000065086e+00,1.000000000000000000e+00
-6.650000000000042988e+00,9.030000000000065086e+00,1.000000000000000000e+00
-6.750000000000044409e+00,9.030000000000065086e+00,1.000000000000000000e+00
-6.850000000000044942e+00,9.030000000000065086e+00,1.000000000000000000e+00
-6.950000000000045475e+00,9.030000000000065086e+00,1.000000000000000000e+00
-7.050000000000046008e+00,9.030000000000065086e+00,1.000000000000000000e+00
-7.200000000000046363e+00,9.030000000000065086e+00,1.000000000000000000e+00
-7.292942275338757163e+00,9.030062269193624758e+00,1.000000000000000000e+00
-7.395565883325200929e+00,9.026495165728784187e+00,1.000000000000000000e+00
-7.521507304877170341e+00,9.028361429140524308e+00,1.000000000000000000e+00
-7.646559183317394925e+00,9.039958756721448552e+00,1.000000000000000000e+00
-7.757145309740163697e+00,9.055324746022440863e+00,1.000000000000000000e+00
-7.853629046423347582e+00,9.069719993286824433e+00,1.000000000000000000e+00
-7.935872961533773307e+00,9.079892377209944243e+00,1.000000000000000000e+00
-8.003438786943487315e+00,9.084132428901568801e+00,1.000000000000000000e+00
-8.093412658153305017e+00,9.080054245018974513e+00,1.000000000000000000e+00
-8.250000000000053291e+00,9.080000000000064020e+00,1.000000000000000000e+00
-8.350000000000054712e+00,9.080000000000064020e+00,1.000000000000000000e+00
-8.500000000000055067e+00,9.080000000000064020e+00,1.000000000000000000e+00
-8.600000000000056488e+00,9.080000000000064020e+00,1.000000000000000000e+00
-8.750000000000056843e+00,9.080000000000064020e+00,1.000000000000000000e+00
-8.850000000000058265e+00,9.080000000000064020e+00,1.000000000000000000e+00
-8.950000000000059686e+00,9.080000000000064020e+00,1.000000000000000000e+00
-9.100000000000060041e+00,9.080000000000064020e+00,1.000000000000000000e+00
-9.250000000000060396e+00,9.080000000000064020e+00,1.000000000000000000e+00
-9.350000000000061817e+00,9.080000000000064020e+00,1.000000000000000000e+00
-9.450000000000063238e+00,9.080000000000064020e+00,1.000000000000000000e+00
-9.600000000000063594e+00,9.080000000000064020e+00,1.000000000000000000e+00
-9.700000000000065015e+00,9.080000000000064020e+00,1.000000000000000000e+00
-9.843412658153319228e+00,9.080054245018974513e+00,1.000000000000000000e+00
-9.953438786943500816e+00,9.075897134783922127e+00,1.000000000000000000e+00
-1.008587296153379143e+01,9.083331291237094263e+00,1.000000000000000000e+00
-1.020362904642337121e+01,9.097502798716689654e+00,1.000000000000000000e+00
-1.030714530974018395e+01,9.112881307108414930e+00,1.000000000000000000e+00
-1.039655918331741447e+01,9.125479118712400251e+00,1.000000000000000000e+00
-1.047150730487719095e+01,9.132795818280797562e+00,1.000000000000000000e+00
-1.054556588332522260e+01,9.133553989258198058e+00,1.000000000000000000e+00
-1.064435350384431800e+01,9.130039855634201729e+00,1.000000000000000000e+00
-1.080000000000007176e+01,9.130000000000066507e+00,1.000000000000000000e+00
-1.090000000000007319e+01,9.130000000000066507e+00,1.000000000000000000e+00
-1.105000000000007176e+01,9.130000000000066507e+00,1.000000000000000000e+00
-1.115000000000007496e+01,9.130000000000066507e+00,1.000000000000000000e+00
-1.130000000000007354e+01,9.130000000000066507e+00,1.000000000000000000e+00
-1.139294227533878612e+01,9.130062269193626179e+00,1.000000000000000000e+00
-1.149556588332522900e+01,9.126495165728785608e+00,1.000000000000000000e+00
-1.162150730487720018e+01,9.128361429140525729e+00,1.000000000000000000e+00
-1.174655918331742299e+01,9.139958756721449973e+00,1.000000000000000000e+00
-1.185714530974019176e+01,9.155324746022442284e+00,1.000000000000000000e+00
-1.195362904642338187e+01,9.169719993286827631e+00,1.000000000000000000e+00
-1.203587296153380493e+01,9.179892377209947441e+00,1.000000000000000000e+00
-1.210343878694351538e+01,9.184132428901571998e+00,1.000000000000000000e+00
-1.219176645069719456e+01,9.180084748145532103e+00,1.000000000000000000e+00
-1.229294227533879180e+01,9.180062269193626889e+00,1.000000000000000000e+00
-1.239556588332523646e+01,9.176495165728786318e+00,1.000000000000000000e+00
-1.252150730487720587e+01,9.178361429140526440e+00,1.000000000000000000e+00
-1.264655918331743045e+01,9.189958756721450683e+00,1.000000000000000000e+00
-1.275714530974019567e+01,9.205324746022442994e+00,1.000000000000000000e+00
-1.285362904642338044e+01,9.219719993286824788e+00,1.000000000000000000e+00
-1.293587296153380883e+01,9.229892377209944598e+00,1.000000000000000000e+00
-1.300343878694352284e+01,9.234132428901569156e+00,1.000000000000000000e+00
-1.309341265815333877e+01,9.230054245018974868e+00,1.000000000000000000e+00
-1.325000000000008882e+01,9.230000000000064375e+00,1.000000000000000000e+00
-1.335000000000009024e+01,9.230000000000064375e+00,1.000000000000000000e+00
-1.350000000000008882e+01,9.230000000000064375e+00,1.000000000000000000e+00
-1.365000000000009095e+01,9.230000000000064375e+00,1.000000000000000000e+00
-1.380000000000009130e+01,9.230000000000064375e+00,1.000000000000000000e+00
-1.390000000000009450e+01,9.230000000000064375e+00,1.000000000000000000e+00
-1.405000000000009308e+01,9.230000000000064375e+00,1.000000000000000000e+00
-1.415000000000009628e+01,9.230000000000064375e+00,1.000000000000000000e+00
-1.430000000000009486e+01,9.230000000000064375e+00,1.000000000000000000e+00
-1.440000000000009805e+01,9.230000000000064375e+00,1.000000000000000000e+00
-1.456205948076053858e+01,9.230181830173094681e+00,1.000000000000000000e+00
-1.460289646674393360e+01,9.233142924132726748e+00,1.000000000000000000e+00
-1.460413402573389696e+01,9.183619761279022242e+00,1.000000000000000000e+00
-1.460005424501901139e+01,9.086587341846808386e+00,1.000000000000000000e+00
-1.460000000000010090e+01,8.930000000000061888e+00,1.000000000000000000e+00
-1.460000000000010090e+01,8.780000000000061533e+00,1.000000000000000000e+00
-1.460000000000010090e+01,8.630000000000059401e+00,1.000000000000000000e+00
-1.460000000000010090e+01,8.530000000000057980e+00,1.000000000000000000e+00
-1.460000000000010090e+01,8.430000000000056559e+00,1.000000000000000000e+00
-1.460000000000010090e+01,8.280000000000057980e+00,1.000000000000000000e+00
-1.460000000000010090e+01,8.180000000000056559e+00,1.000000000000000000e+00
-1.460000000000010090e+01,8.080000000000055138e+00,1.000000000000000000e+00
-1.460005424501901139e+01,7.936587341846801813e+00,1.000000000000000000e+00
-1.459589713478395900e+01,7.826561213056619337e+00,1.000000000000000000e+00
-1.460333129123713114e+01,7.694127038466327839e+00,1.000000000000000000e+00
-1.461750279871672653e+01,7.576370953576749834e+00,1.000000000000000000e+00
-1.463288130710845181e+01,7.472854690259943311e+00,1.000000000000000000e+00
-1.464547911871243180e+01,7.383440816682712793e+00,1.000000000000000000e+00
-1.465279581828083089e+01,7.308492695122928318e+00,1.000000000000000000e+00
-1.465355398925823138e+01,7.234434116674897552e+00,1.000000000000000000e+00
-1.465024890243371480e+01,7.144108862267098736e+00,1.000000000000000000e+00
-1.464649516572881893e+01,7.034434116674896487e+00,1.000000000000000000e+00
-1.464836142914055905e+01,6.908492695122925298e+00,1.000000000000000000e+00
-1.465995875672148330e+01,6.783440816682700714e+00,1.000000000000000000e+00
-1.467532474602247561e+01,6.672854690259932831e+00,1.000000000000000000e+00
-1.468971999328686096e+01,6.576370953576745393e+00,1.000000000000000000e+00
-1.469989237720998076e+01,6.494127038466320556e+00,1.000000000000000000e+00
-1.470413242890160532e+01,6.426561213056609212e+00,1.000000000000000000e+00
-1.470005424501901103e+01,6.336587341846791510e+00,1.000000000000000000e+00
-1.470005424501901103e+01,6.186587341846790267e+00,1.000000000000000000e+00
-1.469589713478395865e+01,6.076561213056606903e+00,1.000000000000000000e+00
-1.470333129123713078e+01,5.944127038466315405e+00,1.000000000000000000e+00
-1.471750279871672618e+01,5.826370953576740952e+00,1.000000000000000000e+00
-1.473271823976696027e+01,5.723996034958165779e+00,1.000000000000000000e+00
-1.474586720941265483e+01,5.625754668449194362e+00,1.000000000000000000e+00
-1.475719804266123347e+01,5.551116321919118413e+00,1.000000000000000000e+00
-1.475665490055465767e+01,5.481628945768546757e+00,1.000000000000000000e+00
-1.475560118413076971e+01,5.365529839551705038e+00,1.000000000000000000e+00
-1.476584102043302948e+01,5.240555188362132633e+00,1.000000000000000000e+00
-1.477747711137725339e+01,5.136992841149536915e+00,1.000000000000000000e+00
-1.478816703421439094e+01,5.034061640159793072e+00,1.000000000000000000e+00
-1.479999870401210949e+01,4.942965195516215715e+00,1.000000000000000000e+00
-1.480413242890160852e+01,4.876561213056598731e+00,1.000000000000000000e+00
-1.480008474814556862e+01,4.788233549302920444e+00,1.000000000000000000e+00
-1.480000000000010374e+01,4.680000000000032578e+00,1.000000000000000000e+00
-1.480000000000010374e+01,4.580000000000032045e+00,1.000000000000000000e+00
-1.480000000000010374e+01,4.480000000000030624e+00,1.000000000000000000e+00
-1.480000000000010374e+01,4.380000000000030091e+00,1.000000000000000000e+00
-1.480000000000010374e+01,4.280000000000029559e+00,1.000000000000000000e+00
-1.480000000000010374e+01,4.180000000000029026e+00,1.000000000000000000e+00
-1.480000000000010374e+01,4.080000000000028493e+00,1.000000000000000000e+00
-1.480000000000010374e+01,3.980000000000027516e+00,1.000000000000000000e+00
-1.480006226919366341e+01,3.887057724661318048e+00,1.000000000000000000e+00
-1.479649516572882284e+01,3.784434116674873394e+00,1.000000000000000000e+00
-1.479836142914056296e+01,3.658492695122903093e+00,1.000000000000000000e+00
-1.480995875672148721e+01,3.533440816682682062e+00,1.000000000000000000e+00
-1.482532474602247774e+01,3.422854690259914623e+00,1.000000000000000000e+00
-1.483971999328686309e+01,3.326370953576722744e+00,1.000000000000000000e+00
-1.484989237720998290e+01,3.244127038466297019e+00,1.000000000000000000e+00
-1.485413242890160745e+01,3.176561213056587452e+00,1.000000000000000000e+00
-1.485008474814556756e+01,3.088233549302908276e+00,1.000000000000000000e+00
-1.485000000000010267e+01,2.980000000000020410e+00,1.000000000000000000e+00
-1.485000000000010267e+01,2.880000000000019877e+00,1.000000000000000000e+00
-1.485006226919366235e+01,2.787057724661309521e+00,1.000000000000000000e+00
-1.484649516572882177e+01,2.684434116674865756e+00,1.000000000000000000e+00
-1.484836142914056190e+01,2.558492695122895455e+00,1.000000000000000000e+00
-1.485995875672148614e+01,2.433440816682671315e+00,1.000000000000000000e+00
-1.487532474602247845e+01,2.322854690259903432e+00,1.000000000000000000e+00
-1.488971999328686380e+01,2.226370953576715106e+00,1.000000000000000000e+00
-1.489989237720998361e+01,2.144127038466289825e+00,1.000000000000000000e+00
-1.490413242890160817e+01,2.076561213056579813e+00,1.000000000000000000e+00
-1.490008474814556827e+01,1.988233549302901082e+00,1.000000000000000000e+00
-1.490000000000010338e+01,1.880000000000012994e+00,1.000000000000000000e+00
-1.490000000000010338e+01,1.780000000000012461e+00,1.000000000000000000e+00
-1.490000000000010338e+01,1.680000000000011706e+00,1.000000000000000000e+00
-1.490000000000010338e+01,1.580000000000010951e+00,1.000000000000000000e+00
-1.490000000000010338e+01,1.480000000000010418e+00,1.000000000000000000e+00
-1.490028203628684089e+01,1.364981695005002438e+00,1.000000000000000000e+00
-1.490320101689975907e+01,1.325317192032661184e+00,1.000000000000000000e+00
-1.486148847128129269e+01,1.326305572982285463e+00,1.000000000000000000e+00
-1.475705772466139010e+01,1.329937730806448171e+00,1.000000000000000000e+00
-1.465823354930298628e+01,1.329915251854542957e+00,1.000000000000000000e+00
-1.454656121305666261e+01,1.334102865216149070e+00,1.000000000000000000e+00
-1.441412703846637200e+01,1.326668708762977378e+00,1.000000000000000000e+00
-1.429637095357679222e+01,1.312497201283382653e+00,1.000000000000000000e+00
-1.419285469025998125e+01,1.297118692891657821e+00,1.000000000000000000e+00
-1.410344081668275074e+01,1.284520881287672944e+00,1.000000000000000000e+00
-1.402849269512297070e+01,1.277204181719275411e+00,1.000000000000000000e+00
-1.395443411667494082e+01,1.276446010741875803e+00,1.000000000000000000e+00
-1.385564649615584720e+01,1.279960144365870356e+00,1.000000000000000000e+00
-1.370000000000009166e+01,1.280000000000006022e+00,1.000000000000000000e+00
-1.355564649615584472e+01,1.279960144365870356e+00,1.000000000000000000e+00
-1.345443411667493905e+01,1.283504834271287809e+00,1.000000000000000000e+00
-1.332849269512296786e+01,1.281638570859546800e+00,1.000000000000000000e+00
-1.320344081668274328e+01,1.270041243278623222e+00,1.000000000000000000e+00
-1.309285469025997628e+01,1.254675253977630467e+00,1.000000000000000000e+00
-1.299637095357678795e+01,1.240280006713246230e+00,1.000000000000000000e+00
-1.291412703846636134e+01,1.230107622790125532e+00,1.000000000000000000e+00
-1.284656121305665089e+01,1.225867571098500752e+00,1.000000000000000000e+00
-1.275823354930297349e+01,1.229915251854541758e+00,1.000000000000000000e+00
-1.265000000000008384e+01,1.230000000000005755e+00,1.000000000000000000e+00
-1.255000000000008242e+01,1.230000000000005755e+00,1.000000000000000000e+00
-1.240000000000008384e+01,1.230000000000005755e+00,1.000000000000000000e+00
-1.225000000000008171e+01,1.230000000000005755e+00,1.000000000000000000e+00
-1.210000000000008136e+01,1.230000000000005755e+00,1.000000000000000000e+00
-1.195000000000008100e+01,1.230000000000005755e+00,1.000000000000000000e+00
-1.185000000000007958e+01,1.230000000000005755e+00,1.000000000000000000e+00
-1.175000000000007816e+01,1.230000000000005755e+00,1.000000000000000000e+00
-1.160000000000007780e+01,1.230000000000005755e+00,1.000000000000000000e+00
-1.145000000000007745e+01,1.230000000000005755e+00,1.000000000000000000e+00
-1.135000000000007603e+01,1.230000000000005755e+00,1.000000000000000000e+00
-1.125705772466136523e+01,1.229937730806446972e+00,1.000000000000000000e+00
-1.115443411667492057e+01,1.233504834271287542e+00,1.000000000000000000e+00
-1.102849269512294939e+01,1.231638570859546533e+00,1.000000000000000000e+00
-1.090344081668272835e+01,1.220041243278622733e+00,1.000000000000000000e+00
-1.079285469025995958e+01,1.204675253977630422e+00,1.000000000000000000e+00
-1.069314720812189812e+01,1.189830489009354064e+00,1.000000000000000000e+00
