x_m,y_m,vx_mps
0.000000000000000000e+00,0.000000000000000000e+00,6.000000000000000000e+00
-3.839369986096120013e-01,-1.032084728106182347e-01,6.000000000000000000e+00
-7.678753496826622449e-01,-2.064116948808926710e-01,6.000000000000000000e+00
-1.151814018982386001e+00,-3.096112573442502125e-01,6.000000000000000000e+00
-1.535752210942079587e+00,-4.128090695608243599e-01,6.000000000000000000e+00
-1.919689129995026500e+00,-5.160067226640551175e-01,6.000000000000000000e+00
-2.303623741904488487e+00,-6.192059669007193845e-01,6.000000000000000000e+00
-2.687555330660400088e+00,-7.224086320742855172e-01,6.000000000000000000e+00
-3.071483021139392644e+00,-8.256163093181935198e-01,6.000000000000000000e+00
-3.455406017774737215e+00,-9.288305102091988230e-01,6.000000000000000000e+00
-3.839324479679776303e+00,-1.032051234747307866e+00,6.000000000000000000e+00
-4.223238645524530988e+00,-1.135278244262512226e+00,6.000000000000000000e+00
-4.607148594865654978e+00,-1.238511379641455523e+00,6.000000000000000000e+00
-4.991054566373194668e+00,-1.341750481770800807e+00,6.000000000000000000e+00
-5.374956798717145823e+00,-1.444995311980533215e+00,6.000000000000000000e+00
-5.758855530567529968e+00,-1.548245552043959306e+00,6.000000000000000000e+00
-6.142750921037677614e+00,-1.651501201961079079e+00,6.000000000000000000e+00
-6.526643129240957464e+00,-1.754761863948540945e+00,6.000000000000000000e+00
-6.910532393847366173e+00,-1.858027458449659663e+00,6.000000000000000000e+00
-7.294418953526938587e+00,-1.961297746794433916e+00,6.000000000000000000e+00
-7.678302967392990119e+00,-2.064572569869506768e+00,6.000000000000000000e+00
-8.062184674115568939e+00,-2.167851689004876459e+00,6.000000000000000000e+00
-8.446064232807994898e+00,-2.271134785973836223e+00,6.000000000000000000e+00
-8.829941802583620714e+00,-2.374421860776406490e+00,6.000000000000000000e+00
-9.213817781225813519e+00,-2.477712595185880495e+00,6.000000000000000000e+00
-9.597692168734559104e+00,-2.581006750532256255e+00,6.000000000000000000e+00
-9.981565203779879880e+00,-2.684304247258855636e+00,6.000000000000000000e+00
-1.036543720458846174e+01,-2.787604767138985196e+00,6.000000000000000000e+00
-1.074930825071698415e+01,-2.890908151059315312e+00,6.000000000000000000e+00
-1.113317858083546774e+01,-2.994214239906488384e+00,6.000000000000000000e+00
-1.151704843361390829e+01,-3.097522715453825182e+00,6.000000000000000000e+00
-1.190091796816566294e+01,-3.200833498144647127e+00,6.000000000000000000e+00
-1.228478742316073813e+01,-3.304146269752267440e+00,6.000000000000000000e+00
-1.266865703726917047e+01,-3.407460950720021309e+00,6.000000000000000000e+00
-1.305252689004761102e+01,-3.510777222821215293e+00,6.000000000000000000e+00
-1.343639722016608218e+01,-3.614094926942499786e+00,6.000000000000000000e+00
-1.382026834585128228e+01,-3.717413903970537170e+00,6.000000000000000000e+00
-1.420414034665986591e+01,-3.820733835678641555e+00,6.000000000000000000e+00
-1.458801346126186438e+01,-3.924054642510140578e+00,6.000000000000000000e+00
-1.497188792832727522e+01,-4.027376085795013161e+00,6.000000000000000000e+00
-1.535576382741279033e+01,-4.130697926863244440e+00,6.000000000000000000e+00
-1.573964155630177153e+01,-4.234020006601490138e+00,6.000000000000000000e+00
-1.612352119455087518e+01,-4.337342086339742941e+00,6.000000000000000000e+00
-1.650740298083010771e+01,-4.440663927407974221e+00,6.000000000000000000e+00
-1.689128707425285114e+01,-4.543985370692847248e+00,6.000000000000000000e+00
-1.727517371348908526e+01,-4.647306257081011083e+00,6.000000000000000000e+00
-1.765906305765216189e+01,-4.750626347902459301e+00,6.000000000000000000e+00
-1.804295542496878468e+01,-4.853945404487167714e+00,6.000000000000000000e+00
-1.842685089499561002e+01,-4.957263267721802258e+00,6.000000000000000000e+00
-1.881074970640267097e+01,-5.060579619379668159e+00,6.000000000000000000e+00
-1.919465209785996862e+01,-5.163894459460765418e+00,6.000000000000000000e+00
-1.957855822848083704e+01,-5.267207469738400150e+00,6.000000000000000000e+00
-1.996246833693531642e+01,-5.370518411542572146e+00,6.000000000000000000e+00
-2.034638258233673724e+01,-5.473827125759918033e+00,6.000000000000000000e+00
-2.073030120335511839e+01,-5.577133373720441156e+00,6.000000000000000000e+00
-2.111422435910380813e+01,-5.680437075867450503e+00,6.000000000000000000e+00
-2.149815228825280755e+01,-5.783737834417602031e+00,6.000000000000000000e+00
-2.188208522947215684e+01,-5.887035649370887747e+00,6.000000000000000000e+00
-2.226602334187517229e+01,-5.990330122943950286e+00,6.000000000000000000e+00
-2.264996686413190119e+01,-6.093621175580118177e+00,6.000000000000000000e+00
-2.303391595535566339e+01,-6.196908568609368118e+00,6.000000000000000000e+00
-2.341787077465980715e+01,-6.300192142918365157e+00,6.000000000000000000e+00
-2.380183164027102904e+01,-6.403471580280421627e+00,6.000000000000000000e+00
-2.418579751795258304e+01,-6.506746562468837425e+00,6.000000000000000000e+00
-2.456976315696411817e+01,-6.610015657463529593e+00,6.000000000000000000e+00
-2.495372211321520695e+01,-6.713277353687726823e+00,6.000000000000000000e+00
-2.533766802217209602e+01,-6.816529980451313087e+00,6.000000000000000000e+00
-2.572159451930101071e+01,-6.919772105734194767e+00,6.000000000000000000e+00
-2.610549516051151286e+01,-7.023002058846258500e+00,6.000000000000000000e+00
-2.648936374038320096e+01,-7.126218248654065057e+00,6.000000000000000000e+00
-2.687319373526897337e+01,-7.229419243137519935e+00,6.000000000000000000e+00
-2.725697878063505186e+01,-7.332603371606508880e+00,6.000000000000000000e+00
-2.764071259150436077e+01,-7.435769042927594441e+00,6.000000000000000000e+00
-2.802438864422979847e+01,-7.538914665967332063e+00,6.000000000000000000e+00
-2.840800073339093501e+01,-7.642038808705627240e+00,6.000000000000000000e+00
-2.879154241489736066e+01,-7.745139800452366607e+00,6.000000000000000000e+00
-2.917500939268876081e+01,-7.848217322980868715e+00,6.000000000000000000e+00
-2.955847652959350924e+01,-7.951318473840951029e+00,6.000000000000000000e+00
-2.994211956630006100e+01,-8.054550734096505238e+00,6.000000000000000000e+00
-3.032612076714398341e+01,-8.158025323974991139e+00,6.000000000000000000e+00
-3.071066247601752508e+01,-8.261853702373889163e+00,6.000000000000000000e+00
-3.109592687769957209e+01,-8.366147169077333245e+00,6.000000000000000000e+00
-3.148209623652568823e+01,-8.471017103426138561e+00,6.000000000000000000e+00
-3.186905058103448241e+01,-8.576336851198471223e+00,6.000000000000000000e+00
-3.225220171883802323e+01,-8.678462955486445196e+00,6.000000000000000000e+00
-3.262487206067142864e+01,-8.772384221077050626e+00,5.539348528339127498e+00
-3.299993594453882650e+01,-8.872591895776261950e+00,4.947005938069752418e+00
-3.339688578931852447e+01,-8.994200872141918879e+00,4.222594686437304290e+00
-3.380199432992582587e+01,-9.095399186520948476e+00,3.339070294613760925e+00
-3.419315706327042648e+01,-9.120088008544716018e+00,2.389022334516257118e+00
-3.455016524219926310e+01,-9.020283527059232753e+00,2.422633851957770812e+00
-3.486645806664197522e+01,-8.806431214872263880e+00,2.981374551740861190e+00
-3.514145349998617007e+01,-8.514571755979499557e+00,3.591467250563560754e+00
-3.537462280858968455e+01,-8.180804785870604334e+00,4.119478432579906979e+00
-3.557047454861180569e+01,-7.832287054091635170e+00,4.579070141285438211e+00
-3.574433809739807799e+01,-7.476964362815931686e+00,4.992361505380861431e+00
-3.591294454129817382e+01,-7.120294140629776614e+00,5.372971201866972635e+00
-3.608998295819421998e+01,-6.766799104780075069e+00,5.729076363722120924e+00
-3.627739445132649365e+01,-6.417391690738063481e+00,6.000000000000000000e+00
-3.647428400813492999e+01,-6.072112790633151569e+00,6.000000000000000000e+00
-3.667975685472948300e+01,-5.731003296594757046e+00,6.000000000000000000e+00
-3.689291789899338880e+01,-5.394104180308962881e+00,6.000000000000000000e+00
-3.711287236703659431e+01,-5.061456254348503769e+00,6.000000000000000000e+00
-3.733872476895900405e+01,-4.733099058379374391e+00,6.000000000000000000e+00
-3.756950013774517316e+01,-4.408787000955076252e+00,6.000000000000000000e+00
-3.780404903859795240e+01,-4.087652277897382724e+00,6.000000000000000000e+00
-3.804119944262534858e+01,-3.768745221212534524e+00,6.000000000000000000e+00
-3.827977892315198716e+01,-3.451116003793452514e+00,6.000000000000000000e+00
-3.851861537172921146e+01,-3.133814878089733025e+00,6.000000000000000000e+00
-3.875653652079498812e+01,-2.815892096550947077e+00,6.000000000000000000e+00
-3.899238855993522890e+01,-2.496412470497674452e+00,6.000000000000000000e+00
-3.922571507252263245e+01,-2.174995480367694523e+00,6.000000000000000000e+00
-3.945695696163345900e+01,-1.851973832163345879e+00,6.000000000000000000e+00
-3.968661416139457287e+01,-1.527727090766770601e+00,6.000000000000000000e+00
-3.991518652637620335e+01,-1.202635059730124967e+00,6.000000000000000000e+00
-4.014317391114857969e+01,-8.770773834922285239e-01,6.000000000000000000e+00
-4.037107624983858045e+01,-5.514336269352162478e-01,6.000000000000000000e+00
-4.059930604379054842e+01,-2.260174024601463716e-01,6.000000000000000000e+00
-4.082792646100209311e+01,9.912276036306098825e-02,6.000000000000000000e+00
-4.105691331624486651e+01,4.240044435589186977e-01,6.000000000000000000e+00
-4.128624242429063429e+01,7.486451495952746171e-01,6.000000000000000000e+00
-4.151588959991108396e+01,1.073062460496628567e+00,6.000000000000000000e+00
-4.174583065787791014e+01,1.397273958287506224e+00,6.000000000000000000e+00
-4.197604149251953487e+01,1.721297224992420993e+00,6.000000000000000000e+00
-4.220649783905094665e+01,2.045149763079200600e+00,6.000000000000000000e+00
-4.243717551224389695e+01,2.368849234129042802e+00,6.000000000000000000e+00
-4.266805040642674385e+01,2.692413140609788869e+00,6.000000000000000000e+00
-4.289909825681453981e+01,3.015859064545951984e+00,6.000000000000000000e+00
-4.313029495773565003e+01,3.339204587962037785e+00,6.000000000000000000e+00
-4.336161624440512696e+01,3.662467213325894644e+00,6.000000000000000000e+00
-4.359303801115135002e+01,3.985664602218700558e+00,6.000000000000000000e+00
-4.382453599318935034e+01,4.308814336664981148e+00,6.000000000000000000e+00
-4.405608600529084384e+01,4.631933839575899547e+00,6.000000000000000000e+00
-4.428766402134088054e+01,4.955040772532634641e+00,6.000000000000000000e+00
-4.451924569699783518e+01,5.278152717559710716e+00,6.000000000000000000e+00
-4.475080692659007298e+01,5.601287256681635185e+00,6.000000000000000000e+00
-4.498232352488934538e+01,5.924461892366256421e+00,6.000000000000000000e+00
-4.521377122711062668e+01,6.247694206638079173e+00,6.000000000000000000e+00
-4.544512600713901662e+01,6.571001781521617957e+00,6.000000000000000000e+00
-4.567636352063287575e+01,6.894402199041384627e+00,6.000000000000000000e+00
-4.590745966192056926e+01,7.217912961665233773e+00,6.000000000000000000e+00
-4.613839024577382730e+01,7.541551730974336287e+00,6.000000000000000000e+00
-4.636913108696433738e+01,7.865336009436534326e+00,6.000000000000000000e+00
-4.659965807982050734e+01,8.189283458633026314e+00,6.000000000000000000e+00
-4.682988578047658734e+01,8.513449370450842935e+00,6.000000000000000000e+00
-4.705925283705489903e+01,8.838184271586845497e+00,6.000000000000000000e+00
-4.728697450254276191e+01,9.163976878677182469e+00,6.000000000000000000e+00
-4.751226483657744382e+01,9.491316863038044005e+00,6.000000000000000000e+00
-4.773433766012617241e+01,9.820693816428953227e+00,6.000000000000000000e+00
-4.795240703282618711e+01,1.015259733060944924e+01,6.000000000000000000e+00
-4.816568685520139326e+01,1.048751699733904807e+01,6.000000000000000000e+00
-4.837363415296536573e+01,1.082578894355699006e+01,6.000000000000000000e+00
-4.857673732452751381e+01,1.116709836351213880e+01,6.000000000000000000e+00
-4.877575828413569070e+01,1.151095757480509185e+01,6.000000000000000000e+00
-4.897145894603766436e+01,1.185687905414979326e+01,6.000000000000000000e+00
-4.916460138359459364e+01,1.220437511914685125e+01,6.000000000000000000e+00
-4.935594743149762564e+01,1.255295816695353217e+01,6.000000000000000000e+00
-4.954625844709785554e+01,1.290214107206714012e+01,6.000000000000000000e+00
-4.973607430197151302e+01,1.325157601271766694e+01,6.000000000000000000e+00
-4.992540732740275899e+01,1.360124763446740559e+01,6.000000000000000000e+00
-5.011419268470392296e+01,1.395118911244860271e+01,6.000000000000000000e+00
-5.030236553518730602e+01,1.430143354223679353e+01,6.000000000000000000e+00
-5.048986104016520926e+01,1.465201417852088461e+01,6.000000000000000000e+00
-5.067661444050665409e+01,1.500296419643310486e+01,6.000000000000000000e+00
-5.086256089752392029e+01,1.535431669154899836e+01,6.000000000000000000e+00
-5.104763557252936579e+01,1.570610491855747526e+01,6.000000000000000000e+00
-5.123177362683526326e+01,1.605836189347741794e+01,6.000000000000000000e+00
-5.141491030131062701e+01,1.641112095055438402e+01,6.000000000000000000e+00
-5.159698067771106622e+01,1.676441526492061485e+01,6.000000000000000000e+00
-5.177792007646227290e+01,1.711827785259499279e+01,6.000000000000000000e+00
-5.195766357931988466e+01,1.747274196826640846e+01,6.000000000000000000e+00
-5.213616496385746046e+01,1.782783124026644117e+01,6.000000000000000000e+00
-5.231345963279404288e+01,1.818352752967389208e+01,6.000000000000000000e+00
-5.248960558294350420e+01,1.853980116185010019e+01,6.000000000000000000e+00
-5.266466065200643953e+01,1.889662230304304913e+01,6.000000000000000000e+00
-5.283868275724002217e+01,1.925396143772742974e+01,6.000000000000000000e+00
-5.301172981590150357e+01,1.961178881170791755e+01,6.000000000000000000e+00
-5.318385974524809257e+01,1.997007467078917742e+01,6.000000000000000000e+00
-5.335513038298033450e+01,2.032878941988922250e+01,6.000000000000000000e+00
-5.352559972591213722e+01,2.068790330481273188e+01,6.000000000000000000e+00
-5.369532561174403185e+01,2.104738665092103389e+01,6.000000000000000000e+00
-5.386436595773324854e+01,2.140720978357547821e+01,6.000000000000000000e+00
-5.403277868113701032e+01,2.176734302813739674e+01,6.000000000000000000e+00
-5.420062161965585545e+01,2.212775663041147567e+01,6.000000000000000000e+00
-5.436795284966036235e+01,2.248842091575903623e+01,6.000000000000000000e+00
-5.453483004973772807e+01,2.284930620954143166e+01,6.000000000000000000e+00
-5.470131129625850974e+01,2.321038283712000805e+01,6.000000000000000000e+00
-5.486745442692326691e+01,2.357162112385610087e+01,6.000000000000000000e+00
-5.503331743854589320e+01,2.393299131555438564e+01,6.000000000000000000e+00
-5.519895808927024916e+01,2.429446373757619071e+01,6.000000000000000000e+00
-5.536443429635358626e+01,2.465600871528286930e+01,6.000000000000000000e+00
-5.552980405660976260e+01,2.501759657403575687e+01,6.000000000000000000e+00
-5.569512528729602963e+01,2.537919763919619598e+01,6.000000000000000000e+00
-5.586045582611291138e+01,2.574078215656885860e+01,6.000000000000000000e+00
-5.602585351076098164e+01,2.610232045151508729e+01,6.000000000000000000e+00
-5.619137641761076907e+01,2.646378284939622105e+01,6.000000000000000000e+00
-5.635708230480616976e+01,2.682513967557361312e+01,6.000000000000000000e+00
-5.652302916916109154e+01,2.718636117585191059e+01,6.000000000000000000e+00
-5.668925734590822429e+01,2.754742642682639087e+01,6.000000000000000000e+00
-5.685565625127348710e+01,2.790839000437404493e+01,6.000000000000000000e+00
-5.702203773372757922e+01,2.826934498980112309e+01,6.000000000000000000e+00
-5.718821316440117641e+01,2.863038494175390269e+01,6.000000000000000000e+00
-5.735399375531159905e+01,2.899160325976531993e+01,6.000000000000000000e+00
-5.751919087758952287e+01,2.935309350248165927e+01,6.000000000000000000e+00
-5.768361574325228958e+01,2.971494906943584979e+01,6.000000000000000000e+00
-5.784726429490961408e+01,3.007717783673841083e+01,6.000000000000000000e+00
-5.801099558550582458e+01,3.043938711265634822e+01,6.000000000000000000e+00
-5.817592094219217813e+01,3.080106709803541776e+01,6.000000000000000000e+00
-5.834315169211993890e+01,3.116170799372142497e+01,6.000000000000000000e+00
-5.851379908288368625e+01,3.152080008011679979e+01,6.000000000000000000e+00
-5.868897444163469146e+01,3.187783363762399347e+01,6.000000000000000000e+00
-5.886978933419420201e+01,3.223229823063544330e+01,6.000000000000000000e+00
-5.905747513873155441e+01,3.258340330450140954e+01,6.000000000000000000e+00
-5.925357636847708420e+01,3.292962487161291563e+01,6.000000000000000000e+00
-5.945968813470451408e+01,3.326932080270309200e+01,6.000000000000000000e+00
-5.967720888459438555e+01,3.360101046854922657e+01,6.000000000000000000e+00
-5.990378994607569751e+01,3.392629240136196955e+01,6.000000000000000000e+00
-6.013372352571535373e+01,3.424952543164383911e+01,6.000000000000000000e+00
-6.036123500247578733e+01,3.457512551158792036e+01,6.000000000000000000e+00
-6.058352445884239046e+01,3.490518307230782824e+01,6.000000000000000000e+00
-6.080232002484448373e+01,3.523824882990966501e+01,6.000000000000000000e+00
-6.101972963406355177e+01,3.557257675411288744e+01,6.000000000000000000e+00
-6.123786114052439444e+01,3.590642057596694769e+01,6.000000000000000000e+00
-6.145882263692187308e+01,3.623803434474800156e+01,6.000000000000000000e+00
-6.168472205683743681e+01,3.656567171194881638e+01,6.000000000000000000e+00
-6.191730487365491342e+01,3.688788474613888724e+01,6.000000000000000000e+00
-6.215656193835703647e+01,3.720466915125793861e+01,6.000000000000000000e+00
-6.240195361803757379e+01,3.751645692003494048e+01,6.000000000000000000e+00
-6.265294012067695917e+01,3.782368020431225375e+01,6.000000000000000000e+00
-6.290898157469899132e+01,3.812677107637551188e+01,6.000000000000000000e+00
-6.316953834719738836e+01,3.842616160851044071e+01,6.000000000000000000e+00
-6.343407064615264090e+01,3.872228411167265705e+01,6.000000000000000000e+00
-6.370203867954514720e+01,3.901557057859120192e+01,6.000000000000000000e+00
-6.397290265535537657e+01,3.930645316110838650e+01,6.000000000000000000e+00
-6.424612286112041204e+01,3.959536393150990818e+01,6.000000000000000000e+00
-6.452115942526401682e+01,3.988273512119474162e+01,6.000000000000000000e+00
-6.479747271488001559e+01,4.016899880244859133e+01,6.000000000000000000e+00
-6.507452293794878528e+01,4.045458712711376137e+01,6.000000000000000000e+00
-6.535177356427433892e+01,4.073992954210578432e+01,6.000000000000000000e+00
-6.562889594524463632e+01,4.102529152803910506e+01,6.000000000000000000e+00
-6.590588729637610754e+01,4.131068104058093127e+01,6.000000000000000000e+00
-6.618277355314390320e+01,4.159608360041698916e+01,6.000000000000000000e+00
-6.645958049190966221e+01,4.188148456911959272e+01,6.000000000000000000e+00
-6.673633404814853520e+01,4.216686930826111279e+01,6.000000000000000000e+00
-6.701305999822220372e+01,4.245222333852723295e+01,6.000000000000000000e+00
-6.728978427760577574e+01,4.273753202149030272e+01,6.000000000000000000e+00
-6.756653266266096125e+01,4.302278079827936352e+01,6.000000000000000000e+00
-6.784333100930615501e+01,4.330795503046675066e+01,6.000000000000000000e+00
-6.812020525301646501e+01,4.359304023873814060e+01,6.000000000000000000e+00
-6.839718117015357279e+01,4.387802178466593972e+01,6.000000000000000000e+00
-6.867428469619260056e+01,4.416288502982246200e+01,6.000000000000000000e+00
-6.895154160749522987e+01,4.444761557445006162e+01,6.000000000000000000e+00
-6.922897815776327946e+01,4.473219758677103641e+01,6.000000000000000000e+00
-6.950662449897539830e+01,4.501660513131028551e+01,6.000000000000000000e+00
-6.978451253335705928e+01,4.530080646495571273e+01,6.000000000000000000e+00
-7.006267456091714507e+01,4.558476968548180963e+01,6.000000000000000000e+00
-7.034114280210775405e+01,4.586846289066312465e+01,6.000000000000000000e+00
-7.061994923871107233e+01,4.615185433738751897e+01,6.000000000000000000e+00
-7.089912609117922671e+01,4.643491212342952679e+01,6.000000000000000000e+00
-7.117870557996447189e+01,4.671760450567700218e+01,6.000000000000000000e+00
-7.145871976640549406e+01,4.699989942279112398e+01,6.000000000000000000e+00
-7.173920087095456211e+01,4.728176521121644527e+01,6.000000000000000000e+00
-7.202018103450708963e+01,4.756316996872749314e+01,6.000000000000000000e+00
-7.230169239795866076e+01,4.784408179309878761e+01,6.000000000000000000e+00
-7.258376710220466066e+01,4.812446894121821117e+01,6.000000000000000000e+00
-7.286643720858396023e+01,4.840429959041691887e+01,6.000000000000000000e+00
-7.314963573037874767e+01,4.868361829243130501e+01,6.000000000000000000e+00
-7.343301158399540896e+01,4.896268861851567067e+01,6.000000000000000000e+00
-7.371616316735371299e+01,4.924181312269365662e+01,6.000000000000000000e+00
-7.399868879881665862e+01,4.952129427943226148e+01,6.000000000000000000e+00
-7.428018695586065689e+01,4.980143464275511889e+01,6.000000000000000000e+00
-7.456025595684872087e+01,5.008253676668585541e+01,6.000000000000000000e+00
-7.483847423097587637e+01,5.036492977717657737e+01,6.000000000000000000e+00
-7.511298516418756321e+01,5.065086632139511380e+01,5.559716341612101154e+00
-7.537955132946264314e+01,5.094578990551020325e+01,4.954777299540501723e+00
-7.563370371030786998e+01,5.125544380523065513e+01,4.259136748267871475e+00
-7.586246239701534932e+01,5.158521305257123402e+01,3.423261045946257575e+00
-7.602803271964164367e+01,5.193943778221657226e+01,2.633572332713551845e+00
-7.608812195356482277e+01,5.232226862485862995e+01,2.360365001292071163e+00
-7.600649139823248390e+01,5.272013289402634229e+01,2.137486714477152994e+00
-7.577804505101929067e+01,5.302828150195576029e+01,1.793350218387984363e+00
-7.542017049993229705e+01,5.315144111741550148e+01,2.645910788923352186e+00
-7.501072970075090041e+01,5.318263504983921308e+01,3.332734239501455864e+00
-7.460857422425179664e+01,5.321589626238503001e+01,3.891324140592087755e+00
-7.421410511561859380e+01,5.325718999387664354e+01,4.371344103611701115e+00
-7.382268533466674398e+01,5.330488732145471431e+01,4.801229145809374543e+00
-7.343081208068446131e+01,5.335731469096692337e+01,5.196676697004059875e+00
-7.303806330552674808e+01,5.341267738344951255e+01,5.565228182046910277e+00
-7.264453511365336169e+01,5.346916023387394290e+01,5.911630463479552233e+00
-7.225032345041078941e+01,5.352494815676838158e+01,6.000000000000000000e+00
-7.185552449981545919e+01,5.357822606666105258e+01,6.000000000000000000e+00
-7.146023428677048628e+01,5.362717879852338854e+01,6.000000000000000000e+00
-7.106454851795230354e+01,5.367000526885789213e+01,6.000000000000000000e+00
-7.066853855569569021e+01,5.370579264440988965e+01,6.000000000000000000e+00
-7.027223709779285343e+01,5.373502900536222171e+01,6.000000000000000000e+00
-6.987567381888243290e+01,5.375832566518255362e+01,6.000000000000000000e+00
-6.947887815493308494e+01,5.377629401689524258e+01,6.000000000000000000e+00
-6.908187962147010808e+01,5.378954561263801537e+01,6.000000000000000000e+00
-6.868470757490550227e+01,5.379869160676523165e+01,6.000000000000000000e+00
-6.828739168987790720e+01,5.380434363097124617e+01,6.000000000000000000e+00
-6.788996140235595078e+01,5.380711307828047296e+01,6.000000000000000000e+00
-6.749244614830831779e+01,5.380761118260389964e+01,6.000000000000000000e+00
-6.709487544326027830e+01,5.380644949607924588e+01,6.000000000000000000e+00
-6.669727880273715925e+01,5.380423941173091151e+01,6.000000000000000000e+00
-6.629968574226430178e+01,5.380159232258325375e+01,6.000000000000000000e+00
-6.590212569781030538e+01,5.379911962166061556e+01,6.000000000000000000e+00
-6.550462524130365694e+01,5.379738584310757687e+01,6.000000000000000000e+00
-6.510718214515753743e+01,5.379650300271833174e+01,6.000000000000000000e+00
-6.470977811133735713e+01,5.379632933050334032e+01,6.000000000000000000e+00
-6.431239484180855470e+01,5.379672043110291213e+01,6.000000000000000000e+00
-6.391501372030990780e+01,5.379753198871405573e+01,6.000000000000000000e+00
-6.351761636925017029e+01,5.379861944886371106e+01,6.000000000000000000e+00
-6.312018433148145391e+01,5.379983841619220897e+01,6.000000000000000000e+00
-6.272271100379993669e+01,5.380086716351791409e+01,6.000000000000000000e+00
-6.232525104163933349e+01,5.380046866414782158e+01,6.000000000000000000e+00
-6.192787859181795085e+01,5.379711073613577099e+01,6.000000000000000000e+00
-6.153066796026740803e+01,5.378926135664895014e+01,6.000000000000000000e+00
-6.113369345291939538e+01,5.377538842329779101e+01,6.000000000000000000e+00
-6.073702929614886870e+01,5.375395983369285346e+01,6.000000000000000000e+00
-6.034074971633082640e+01,5.372344491746471107e+01,6.000000000000000000e+00
-5.994487762578680190e+01,5.368375122976047464e+01,6.000000000000000000e+00
-5.954928827965508020e+01,5.363892223843494378e+01,6.000000000000000000e+00
-5.915383059981554936e+01,5.359373969725898235e+01,6.000000000000000000e+00
-5.875835525839481477e+01,5.355281900700239817e+01,6.000000000000000000e+00
-5.836275016004204019e+01,5.351709941373493251e+01,6.000000000000000000e+00
-5.796693948724880130e+01,5.348393008914528224e+01,6.000000000000000000e+00
-5.757085315058707664e+01,5.345050920635877389e+01,6.000000000000000000e+00
-5.717471072647157371e+01,5.341389969215823186e+01,6.000000000000000000e+00
-5.677921366607937159e+01,5.337094012351148109e+01,6.000000000000000000e+00
-5.638510860877727993e+01,5.331844926777498017e+01,6.000000000000000000e+00
-5.599283247980795153e+01,5.325481888682415388e+01,6.000000000000000000e+00
-5.560191549702317815e+01,5.318304277778323552e+01,6.000000000000000000e+00
-5.521172303685037264e+01,5.310695183307940681e+01,6.000000000000000000e+00
-5.482169836169881449e+01,5.302990716299154883e+01,6.000000000000000000e+00
-5.443170025847572191e+01,5.295275644385991143e+01,6.000000000000000000e+00
-5.404172626092423570e+01,5.287551017716518231e+01,6.000000000000000000e+00
-5.365177390278753222e+01,5.279817822793472004e+01,6.000000000000000000e+00
-5.326184079736545840e+01,5.272077054075248270e+01,6.000000000000000000e+00
-5.287192447840118348e+01,5.264329706020251365e+01,6.000000000000000000e+00
-5.248202247963786959e+01,5.256576765131212170e+01,6.000000000000000000e+00
-5.209213241437535657e+01,5.248819225866530758e+01,6.000000000000000000e+00
-5.170225181635680656e+01,5.241058082684608621e+01,6.000000000000000000e+00
-5.131237821932540299e+01,5.233294314132508873e+01,6.000000000000000000e+00
-5.092250915702429381e+01,5.225528930579967124e+01,6.000000000000000000e+00
-5.053264232231000364e+01,5.217762910574049329e+01,6.000000000000000000e+00
-5.014277508981236053e+01,5.209997248573156270e+01,6.000000000000000000e+00
-4.975290515238784650e+01,5.202232946991355789e+01,6.000000000000000000e+00
-4.936303004377966630e+01,5.194470976420043939e+01,6.000000000000000000e+00
-4.897314729773098207e+01,5.186712347228955622e+01,6.000000000000000000e+00
-4.858325444798494885e+01,5.178958045920823849e+01,6.000000000000000000e+00
-4.819334918739807705e+01,5.171209058998383767e+01,6.000000000000000000e+00
-4.780342889060020184e+01,5.163466388875699664e+01,6.000000000000000000e+00
-4.741349125044782653e+01,5.155731014099841047e+01,6.000000000000000000e+00
-4.702353372112744978e+01,5.148003929129203016e+01,6.000000000000000000e+00
-4.663355391593890431e+01,5.140286136377856963e+01,6.000000000000000000e+00
-4.624354944818205837e+01,5.132578614392866001e+01,6.000000000000000000e+00
-4.585351785160003857e+01,5.124882357632631624e+01,6.000000000000000000e+00
-4.546345658037936488e+01,5.117198368511218121e+01,6.000000000000000000e+00
-4.507336332737654772e+01,5.109527625575697840e+01,6.000000000000000000e+00
-4.468323562633474211e+01,5.101871131240131518e+01,6.000000000000000000e+00
-4.429307132922381385e+01,5.094229728805246538e+01,6.000000000000000000e+00
-4.390287298185727138e+01,5.086602757950659992e+01,6.000000000000000000e+00
-4.351264551674878334e+01,5.078988635498606641e+01,6.000000000000000000e+00
-4.312239418463868645e+01,5.071385746448638088e+01,6.000000000000000000e+00
-4.273212399759731994e+01,5.063792499667317060e+01,6.000000000000000000e+00
-4.234184012680837128e+01,5.056207296065535672e+01,6.000000000000000000e+00
-4.195154766389885026e+01,5.048628528598520404e+01,6.000000000000000000e+00
-4.156125178005242304e+01,5.041054598177163371e+01,6.000000000000000000e+00
-4.117095748733944305e+01,5.033483897756688918e+01,6.000000000000000000e+00
-4.078067003650025413e+01,5.025914836203656932e+01,6.000000000000000000e+00
-4.039039436004852490e+01,5.018345806473296733e+01,6.000000000000000000e+00
-4.000013578828127692e+01,5.010775209476495462e+01,6.000000000000000000e+00
-3.960989933326884938e+01,5.003201446124148788e+01,6.000000000000000000e+00
-3.921969008663823786e+01,4.995622909371483189e+01,6.000000000000000000e+00
-3.882950375232917395e+01,4.988042598505030156e+01,6.000000000000000000e+00
-3.843930659831271157e+01,4.980478071682303920e+01,6.000000000000000000e+00
-3.804905892580952553e+01,4.972949735189673959e+01,6.000000000000000000e+00
-3.765872087692694237e+01,4.965477987357839851e+01,6.000000000000000000e+00
-3.726825299155564863e+01,4.958083242428844528e+01,6.000000000000000000e+00
-3.687761533224628607e+01,4.950785914644717423e+01,6.000000000000000000e+00
-3.648676843888954835e+01,4.943606410291833697e+01,6.000000000000000000e+00
-3.609567245359275489e+01,4.936565143612227757e+01,6.000000000000000000e+00
-3.570428783668993589e+01,4.929682512936604866e+01,6.000000000000000000e+00
-3.531257473028838945e+01,4.922978932506995875e+01,6.000000000000000000e+00
-3.492049351516548228e+01,4.916474816565445138e+01,6.000000000000000000e+00
-3.452800457209851714e+01,4.910190563442649392e+01,6.000000000000000000e+00
-3.413506812275153379e+01,4.904146595336315073e+01,6.000000000000000000e+00
-3.374165496982588053e+01,4.898361027300657611e+01,6.000000000000000000e+00
-3.334779781111376451e+01,4.892838473622654050e+01,6.000000000000000000e+00
-3.295355193850222264e+01,4.887578600164280829e+01,6.000000000000000000e+00
-3.255897272343496951e+01,4.882581080743184998e+01,6.000000000000000000e+00
-3.216411545779906334e+01,4.877845573265674517e+01,6.000000000000000000e+00
-3.176903559259487864e+01,4.873371735638058055e+01,6.000000000000000000e+00
-3.137378841970946297e+01,4.869159249633652564e+01,6.000000000000000000e+00
-3.097841491082890286e+01,4.865206396828339308e+01,6.000000000000000000e+00
-3.058290862186276016e+01,4.861507059314041612e+01,6.000000000000000000e+00
-3.018725364147664436e+01,4.858054164502619443e+01,6.000000000000000000e+00
-2.979143397877946953e+01,4.854840671628598159e+01,6.000000000000000000e+00
-2.939543364288016392e+01,4.851859531970838901e+01,6.000000000000000000e+00
-2.899923664288767000e+01,4.849103688852534333e+01,6.000000000000000000e+00
-2.860282714702424300e+01,4.846566053774210303e+01,6.000000000000000000e+00
-2.820620229124969214e+01,4.844235027373087377e+01,6.000000000000000000e+00
-2.780938363542212954e+01,4.842090585234820566e+01,6.000000000000000000e+00
-2.741239560343986881e+01,4.840111772132003409e+01,6.000000000000000000e+00
-2.701526238053120110e+01,4.838277632837230868e+01,6.000000000000000000e+00
-2.661800831103774811e+01,4.836567204167427292e+01,6.000000000000000000e+00
-2.622065758018781523e+01,4.834959538850855409e+01,6.000000000000000000e+00
-2.582323453232302413e+01,4.833433673704440992e+01,6.000000000000000000e+00
-2.542576343222833657e+01,4.831968669412110273e+01,6.000000000000000000e+00
-2.502826862424539556e+01,4.830543562790791157e+01,6.000000000000000000e+00
-2.463077429360248871e+01,4.829137390657409412e+01,6.000000000000000000e+00
-2.423330478464123416e+01,4.827729213695893407e+01,6.000000000000000000e+00
-2.383588428258995862e+01,4.826298060767502562e+01,6.000000000000000000e+00
-2.343853721134692236e+01,4.824822992556162404e+01,6.000000000000000000e+00
-2.304128584678032610e+01,4.823284310829888000e+01,6.000000000000000000e+00
-2.264412875687005666e+01,4.821677695661386309e+01,6.000000000000000000e+00
-2.224704891648829275e+01,4.820009058111389066e+01,6.000000000000000000e+00
-2.185002882316721440e+01,4.818284476309636943e+01,6.000000000000000000e+00
-2.145305113355231796e+01,4.816510028385868480e+01,6.000000000000000000e+00
-2.105609842473243276e+01,4.814691816336831209e+01,6.000000000000000000e+00
-2.065915327379637745e+01,4.812835910336597323e+01,6.000000000000000000e+00
-2.026219833738967324e+01,4.810948404426244451e+01,6.000000000000000000e+00
-1.986521611304447177e+01,4.809035376735509715e+01,6.000000000000000000e+00
-1.946818925740628359e+01,4.807102913349802975e+01,6.000000000000000000e+00
-1.907110034756390959e+01,4.805157100354534094e+01,6.000000000000000000e+00
-1.867393196060620753e+01,4.803204031790777151e+01,6.000000000000000000e+00
-1.827666675317867373e+01,4.801249777832610022e+01,6.000000000000000000e+00
-1.787928722281347760e+01,4.799300432521105364e+01,6.000000000000000000e+00
-1.748179679044750046e+01,4.797369162485479421e+01,6.000000000000000000e+00
-1.708427095536246298e+01,4.795493709410932581e+01,6.000000000000000000e+00
-1.668680112817453320e+01,4.793717153235358808e+01,6.000000000000000000e+00
-1.628947832171646937e+01,4.792082589807980497e+01,6.000000000000000000e+00
-1.589239386704775114e+01,4.790633099066693745e+01,6.000000000000000000e+00
-1.549563893611446908e+01,4.789411760949384700e+01,6.000000000000000000e+00
-1.509930533731612456e+01,4.788458091255039761e+01,6.000000000000000000e+00
-1.470355640050037316e+01,4.787347766517849834e+01,5.586716642931867760e+00
-1.430869730506100090e+01,4.784738299720370236e+01,4.987973176406460318e+00
-1.391504993729296658e+01,4.779179229529915318e+01,4.303373631902088547e+00
-1.352617246935175110e+01,4.769325387869197641e+01,3.772524465421270623e+00
-1.315706578908420354e+01,4.754203884151919368e+01,3.307966910709065456e+00
-1.282525861803349621e+01,4.732924065523630475e+01,2.996139560602868457e+00
-1.254762476721889186e+01,4.704883107213537841e+01,3.003249245330494865e+00
-1.233684724084829121e+01,4.671319929363465917e+01,3.021119772977364004e+00
-1.220395776484551220e+01,4.634199168077276454e+01,2.919561680842402751e+00
-1.215988718727418316e+01,4.595483104581343525e+01,2.935541603855160719e+00
-1.220417829594030756e+01,4.556652407876718769e+01,3.450842988674521550e+00
-1.231443938816763328e+01,4.518260100257516854e+01,3.987824458367519753e+00
-1.246578426182913191e+01,4.480753656181106948e+01,4.466232093495418276e+00
-1.263779525395108294e+01,4.444460833224820817e+01,4.895253263844050906e+00
-1.282524835522281670e+01,4.409302305431001656e+01,5.286573543718972701e+00
-1.302614573849692903e+01,4.375112284650855798e+01,5.649195104419328040e+00
-1.323848949706930611e+01,4.341725014558256390e+01,5.989172100845093993e+00
-1.346028172423586788e+01,4.308974714960076113e+01,6.000000000000000000e+00
-1.368952467240584525e+01,4.276695613618855418e+01,6.000000000000000000e+00
-1.392422656073889264e+01,4.244722550883511758e+01,6.000000000000000000e+00
-1.416313588322767636e+01,4.212963909290556330e+01,6.000000000000000000e+00
-1.440643355174432472e+01,4.181470398262731436e+01,6.000000000000000000e+00
-1.465446468313203177e+01,4.150309020429199336e+01,6.000000000000000000e+00
-1.490757407600723816e+01,4.119546778419123001e+01,6.000000000000000000e+00
-1.516610668809979501e+01,4.089250682817335303e+01,6.000000000000000000e+00
-1.543040763625284306e+01,4.059487720341662964e+01,6.000000000000000000e+00
-1.570082171908287627e+01,4.030324901576937435e+01,6.000000000000000000e+00
-1.597769389431970311e+01,4.001829229152325951e+01,6.000000000000000000e+00
-1.626136927880648031e+01,3.974067705696989350e+01,6.000000000000000000e+00
-1.655219259160303480e+01,3.947107325884424966e+01,6.000000000000000000e+00
-1.685050902910917259e+01,3.921015108255132020e+01,6.000000000000000000e+00
-1.715666331038474013e+01,3.895858039526938654e+01,6.000000000000000000e+00
-1.747100063182952212e+01,3.871703130284674899e+01,6.000000000000000000e+00
-1.779380922726624092e+01,3.848611639165788034e+01,6.000000000000000000e+00
-1.812466267293292788e+01,3.826572308901189245e+01,6.000000000000000000e+00
-1.846264455552471873e+01,3.805524127479115037e+01,6.000000000000000000e+00
-1.880682875582282065e+01,3.785405136163407747e+01,6.000000000000000000e+00
-1.915628923416506169e+01,3.766153376217907578e+01,6.000000000000000000e+00
-1.951009987133263124e+01,3.747706857083787213e+01,6.000000000000000000e+00
-1.986733454810666544e+01,3.730003635936224526e+01,6.000000000000000000e+00
-2.022719037855329205e+01,3.712998230225834106e+01,6.000000000000000000e+00
-2.058966505552904991e+01,3.696752574821768178e+01,6.000000000000000000e+00
-2.095507712394860889e+01,3.681371612930073667e+01,6.000000000000000000e+00
-2.132374592429343352e+01,3.666960391180467838e+01,6.000000000000000000e+00
-2.169599079704494926e+01,3.653623964158335724e+01,6.000000000000000000e+00
-2.207213100312791809e+01,3.641467370537724690e+01,6.000000000000000000e+00
-2.245248588302376547e+01,3.630595664904024034e+01,6.000000000000000000e+00
-2.283717604464726492e+01,3.621059079339934073e+01,6.000000000000000000e+00
-2.322560863167863232e+01,3.612711126145291018e+01,6.000000000000000000e+00
-2.361703103800065762e+01,3.605361251179305526e+01,6.000000000000000000e+00
-2.401069057793951700e+01,3.598818876434184943e+01,6.000000000000000000e+00
-2.440583456582134048e+01,3.592893431857806519e+01,6.000000000000000000e+00
-2.480171023641560524e+01,3.587394347398046079e+01,6.000000000000000000e+00
-2.519756689296525565e+01,3.582132079283842785e+01,6.000000000000000000e+00
-2.559291661440089172e+01,3.577066451395842250e+01,6.000000000000000000e+00
-2.598780777117907448e+01,3.572461830555116080e+01,6.000000000000000000e+00
-2.638235428845412045e+01,3.568619672903233209e+01,6.000000000000000000e+00
-2.677666985271034861e+01,3.565841450493094555e+01,6.000000000000000000e+00
-2.717086822998870232e+01,3.564428611510598444e+01,6.000000000000000000e+00
-2.756506334544349812e+01,3.564682628008647924e+01,6.000000000000000000e+00
-2.795936013432513079e+01,3.566834834878102356e+01,6.000000000000000000e+00
-2.835380537595671768e+01,3.570644262915122624e+01,6.000000000000000000e+00
-2.874842174398978756e+01,3.575674949512778511e+01,6.000000000000000000e+00
-2.914323183251920213e+01,3.581490311522102843e+01,6.000000000000000000e+00
-2.953825815608312766e+01,3.587653781705458300e+01,6.000000000000000000e+00
-2.993352330877641521e+01,3.593728792825209695e+01,6.000000000000000000e+00
-3.032904988469391938e+01,3.599278769688052648e+01,6.000000000000000000e+00
-3.072481918801771172e+01,3.603996703096717624e+01,6.000000000000000000e+00
-3.112065937633626689e+01,3.608056241399191322e+01,6.000000000000000000e+00
-3.151636344318901450e+01,3.611742436151273239e+01,6.000000000000000000e+00
-3.191172406388870897e+01,3.615340346864429222e+01,6.000000000000000000e+00
-3.230653415241810933e+01,3.619135033050127248e+01,6.000000000000000000e+00
-3.270058638408999485e+01,3.623411554219831032e+01,6.000000000000000000e+00
-3.309367446845382688e+01,3.628454150451286608e+01,6.000000000000000000e+00
-3.348571733726083721e+01,3.634412436021870008e+01,6.000000000000000000e+00
-3.387689789129996853e+01,3.641152835279281419e+01,6.000000000000000000e+00
-3.426743244516240594e+01,3.648505948201816551e+01,6.000000000000000000e+00
-3.465753723388267105e+01,3.656302414546110668e+01,6.000000000000000000e+00
-3.504742865160861243e+01,3.664372834290459480e+01,6.000000000000000000e+00
-3.543732285381808111e+01,3.672547839235828349e+01,6.000000000000000000e+00
-3.582743122258857227e+01,3.680660654730689174e+01,6.000000000000000000e+00
-3.621778995620586983e+01,3.688636449769352055e+01,6.000000000000000000e+00
-3.660821790412783372e+01,3.696514549214792567e+01,6.000000000000000000e+00
-3.699852039117801894e+01,3.704341374385123231e+01,6.000000000000000000e+00
-3.738850282173673634e+01,3.712163354554131445e+01,6.000000000000000000e+00
-3.777797036151422816e+01,3.720026926951261714e+01,6.000000000000000000e+00
-3.816672841489076262e+01,3.727978520850300725e+01,6.000000000000000000e+00
-3.855470951780849020e+01,3.736036322906468854e+01,6.000000000000000000e+00
-3.894233516151568608e+01,3.744110044252705904e+01,6.000000000000000000e+00
-3.933014434246519642e+01,3.752083341211869083e+01,6.000000000000000000e+00
-3.971867597755320389e+01,3.759839854195480058e+01,6.000000000000000000e+00
-4.010846890411919929e+01,3.767263247482068067e+01,6.000000000000000000e+00
-4.050006211861603589e+01,3.774237161483153358e+01,6.000000000000000000e+00
-4.089399215123970066e+01,3.780644950206239940e+01,6.000000000000000000e+00
-4.129034738945283323e+01,3.786311692396588313e+01,6.000000000000000000e+00
-4.168824244705263737e+01,3.790935908045629077e+01,6.000000000000000000e+00
-4.208666416982111969e+01,3.794199481844677990e+01,6.000000000000000000e+00
-4.248459948309695733e+01,3.795784322352051987e+01,6.000000000000000000e+00
-4.288103523266214978e+01,3.795372322214730332e+01,5.804647620026961441e+00
-4.327495834385536710e+01,3.792645389991035643e+01,5.417813417458739345e+00
-4.366535295753175205e+01,3.787290311063273407e+01,5.269663821177490881e+00
-4.405110376870643307e+01,3.779177217120059851e+01,5.351197678481203646e+00
-4.443096826127604970e+01,3.768410287623390076e+01,5.448873224589215525e+00
-4.480369580435661447e+01,3.755108913270943560e+01,5.544126746391672356e+00
-4.516803560795089112e+01,3.739392532494402133e+01,5.632644353070677568e+00
-4.552273696161821448e+01,3.721380535991448113e+01,5.710650920018634835e+00
-4.586654915491802598e+01,3.701192354238096272e+01,5.770723733788440946e+00
-4.619819029119423703e+01,3.678945579951240319e+01,5.753559228397139513e+00
-4.651591998869005806e+01,3.654731313475993204e+01,5.667870573195720851e+00
-4.681764900964192577e+01,3.628620431851447137e+01,5.559820322884029942e+00
-4.710127936505235624e+01,3.600683334776660161e+01,5.436291948674927710e+00
-4.736471314548054323e+01,3.570990406039355491e+01,5.303667227489070157e+00
-4.760585236192898151e+01,3.539612029427257056e+01,5.169001365020084116e+00
-4.782260228722377349e+01,3.506618771708437521e+01,5.099952019209327503e+00
-4.801352032023141447e+01,3.472114072467835655e+01,5.173122380010525490e+00
-4.817861059789883882e+01,3.436274372492631102e+01,5.270484698109838106e+00
-4.831807185279271977e+01,3.399285921907654995e+01,5.368712543443916907e+00
-4.843210249925304822e+01,3.361334970837744152e+01,5.463002255083358349e+00
-4.852090126984650453e+01,3.322607753496397009e+01,5.548781879380464410e+00
-4.858466665846972887e+01,3.283290527964115313e+01,5.622014525381474392e+00
-4.862359731813273811e+01,3.243569536410066689e+01,5.679199889544556790e+00
-4.863789174273217242e+01,3.203631021003418056e+01,5.717609012231624099e+00
-4.862774850572136387e+01,3.163661231869003032e+01,5.735307038100168953e+00
-4.859336626011030802e+01,3.123846411175990667e+01,5.731237858280222142e+00
-4.853494357935235826e+01,3.084372809049213870e+01,5.705316904760303842e+00
-4.845267903690081113e+01,3.045426675613504841e+01,5.658400015831568375e+00
-4.834677112665232812e+01,3.007194245082368411e+01,5.611365288979877519e+00
-4.821755183859921345e+01,2.969849094202785622e+01,5.863456671494067685e+00
-4.806737835737632736e+01,2.933372200974478972e+01,6.000000000000000000e+00
-4.790018285105426799e+01,2.897594762050784922e+01,6.000000000000000000e+00
-4.771993901628640344e+01,2.862344036029778493e+01,6.000000000000000000e+00
-4.753062054972614447e+01,2.827447289465197144e+01,6.000000000000000000e+00
-4.733620090935680480e+01,2.792731780955114118e+01,6.000000000000000000e+00
-4.714065387138847285e+01,2.758024777053266874e+01,6.000000000000000000e+00
-4.694754214270693637e+01,2.723172717471351234e+01,6.000000000000000000e+00
-4.675731871900259051e+01,2.688167153290799050e+01,6.000000000000000000e+00
-4.656901396355702616e+01,2.653066049502835355e+01,6.000000000000000000e+00
-4.638165076132466424e+01,2.617927697281037069e+01,6.000000000000000000e+00
-4.619425207681657497e+01,2.582810395754651722e+01,6.000000000000000000e+00
-4.600584095410052754e+01,2.547772444052925422e+01,6.000000000000000000e+00
-4.581544035768762768e+01,2.512872141305104634e+01,6.000000000000000000e+00
-4.562229752234733837e+01,2.478153609641486099e+01,6.000000000000000000e+00
-4.542658818876811466e+01,2.443602290191088144e+01,6.000000000000000000e+00
-4.522872843834455381e+01,2.409188444669919704e+01,6.000000000000000000e+00
-4.502913411380123421e+01,2.374882334793980831e+01,6.000000000000000000e+00
-4.482822121697608964e+01,2.340654222279278329e+01,6.000000000000000000e+00
-4.462640582926368893e+01,2.306474376797480019e+01,6.000000000000000000e+00
-4.442410379338863891e+01,2.272313052108926712e+01,6.000000000000000000e+00
-4.422173119074550840e+01,2.238140517885287295e+01,6.000000000000000000e+00
-4.401970394361556771e+01,2.203927027886898671e+01,6.000000000000000000e+00
-4.381843797428004450e+01,2.169642851785432214e+01,6.000000000000000000e+00
-4.361834936413356445e+01,2.135258251296892595e+01,6.000000000000000000e+00
-4.341985403545734101e+01,2.100743480181616007e+01,6.000000000000000000e+00
-4.322336799008931507e+01,2.066068816066940173e+01,6.000000000000000000e+00
-4.302927835079547947e+01,2.031206700521682507e+01,6.000000000000000000e+00
-4.283670943728703406e+01,1.996225592062105036e+01,6.000000000000000000e+00
-4.264305887126599970e+01,1.961325265447283783e+01,6.000000000000000000e+00
-4.244559952957264670e+01,1.926714954724593554e+01,6.000000000000000000e+00
-4.224160412993393265e+01,1.892603885985747425e+01,6.000000000000000000e+00
-4.202834578786016095e+01,1.859201293278118783e+01,6.000000000000000000e+00
-4.180309722107828208e+01,1.826716418604753400e+01,6.000000000000000000e+00
-4.156321730719101737e+01,1.795356968524926700e+01,6.000000000000000000e+00
-4.130746520078508865e+01,1.765305835871913231e+01,5.986298828887496093e+00
-4.103574081956712405e+01,1.736725690172964676e+01,5.827567732407168855e+00
-4.074797701770592795e+01,1.709778612235959372e+01,5.678118370180380126e+00
-4.044410680848367434e+01,1.684626690824444850e+01,5.542424745414630038e+00
-4.012406304606920315e+01,1.661432006746298384e+01,5.424966091011237168e+00
-3.978778113044482723e+01,1.640356624898064553e+01,5.365540866282743515e+00
-3.943588430857906957e+01,1.621554765888429372e+01,5.388214949357297279e+00
-3.907063835449064726e+01,1.605162018153491843e+01,5.388286056854991735e+00
-3.869454890556441740e+01,1.591311209512833535e+01,5.351435116471353837e+00
-3.831012144007188880e+01,1.580135183697372447e+01,5.280758888837096876e+00
-3.791986159539789014e+01,1.571766792393690793e+01,5.181215365958260044e+00
-3.752627500892725720e+01,1.566338863421371741e+01,5.062184148627284053e+00
-3.713185013380370947e+01,1.563980692283759488e+01,5.060732716688046473e+00
-3.673830762172936915e+01,1.564661347346778086e+01,5.268468874266771351e+00
-3.634630405391833818e+01,1.568127989551123491e+01,5.545262567269587883e+00
-3.595641796648941835e+01,1.574111470719731365e+01,5.878050845379680922e+00
-3.556922797511812462e+01,1.582342658586869710e+01,6.000000000000000000e+00
-3.518531269547997198e+01,1.592552397019808197e+01,6.000000000000000000e+00
-3.480525058413709871e+01,1.604471553752814827e+01,6.000000000000000000e+00
-3.442973147699248671e+01,1.617856566034541643e+01,6.000000000000000000e+00
-3.406128599222599007e+01,1.632887462658073119e+01,5.620777171327842048e+00
-3.370395863192906205e+01,1.650092579482203092e+01,5.024706906152328401e+00
-3.336183876815618987e+01,1.670010570866086042e+01,4.668271536684682310e+00
-3.303841169915128972e+01,1.693012425482623939e+01,4.853096893738548800e+00
-3.273454570643265527e+01,1.718742771633628763e+01,5.195828004698815228e+00
-3.245040046024100633e+01,1.746649589439050843e+01,5.565906105703057882e+00
-3.218576513539551343e+01,1.776198075082659500e+01,5.911510906479864325e+00
-3.193744123545483049e+01,1.806992418209891227e+01,6.000000000000000000e+00
-3.170078821974082217e+01,1.838703874740677335e+01,6.000000000000000000e+00
-3.147115600077471242e+01,1.871004146112318978e+01,6.000000000000000000e+00
-3.124389480930441465e+01,1.903564925806445274e+01,6.000000000000000000e+00
-3.101435463740782339e+01,1.936057923216022303e+01,6.000000000000000000e+00
-3.077788555671950377e+01,1.968154823867012837e+01,6.000000000000000000e+00
-3.053044863411501453e+01,1.999527058704031290e+01,6.000000000000000000e+00
-3.027068026823618752e+01,2.029844889188612456e+01,6.000000000000000000e+00
-2.999794838132392982e+01,2.058778234688600861e+01,6.000000000000000000e+00
-2.971165820769829580e+01,2.086005415756405768e+01,6.000000000000000000e+00
-2.941296117107327035e+01,2.111601708915079456e+01,6.000000000000000000e+00
-2.910547447465495452e+01,2.136202803796623684e+01,6.000000000000000000e+00
-2.879299838155174740e+01,2.160486022039498621e+01,6.000000000000000000e+00
-2.847812986020796089e+01,2.184882059598946213e+01,6.000000000000000000e+00
-2.816051687234997658e+01,2.209216910121952182e+01,6.000000000000000000e+00
-2.783936361258770020e+01,2.233225633979403923e+01,6.000000000000000000e+00
-2.751387411641771408e+01,2.256643251763846436e+01,6.000000000000000000e+00
-2.718325257844993104e+01,2.279204807934830512e+01,6.000000000000000000e+00
-2.684670319329427457e+01,2.300645346951906589e+01,6.000000000000000000e+00
-2.650344049792803247e+01,2.320702514777796921e+01,6.000000000000000000e+00
-2.615318890803935759e+01,2.339241661745133882e+01,6.000000000000000000e+00
-2.579640364690547827e+01,2.356311253778501325e+01,6.000000000000000000e+00
-2.543359658215408814e+01,2.371973870156099906e+01,6.000000000000000000e+00
-2.506527926318619137e+01,2.386292098111797344e+01,6.000000000000000000e+00
-2.469196355762947093e+01,2.399328516923793586e+01,6.000000000000000000e+00
-2.431416101488493453e+01,2.411145713825956349e+01,6.000000000000000000e+00
-2.393238350258025804e+01,2.421806268096485582e+01,6.000000000000000000e+00
-2.354714257011644563e+01,2.431372766969250776e+01,6.000000000000000000e+00
-2.315895008512122288e+01,2.439907789722449394e+01,6.000000000000000000e+00
-2.276831775610887476e+01,2.447473931545617987e+01,6.000000000000000000e+00
-2.237575713248044451e+01,2.454133771716955437e+01,6.000000000000000000e+00
-2.198178008186361510e+01,2.459949889514663113e+01,6.000000000000000000e+00
-2.158689799454604241e+01,2.464984888083941783e+01,6.000000000000000000e+00
-2.119150952901114948e+01,2.469310813946962213e+01,6.000000000000000000e+00
-2.079572853085656092e+01,2.473023469248153816e+01,6.000000000000000000e+00
-2.039962477128365492e+01,2.476222363472861332e+01,6.000000000000000000e+00
-2.000326786238042587e+01,2.479007014062099046e+01,6.000000000000000000e+00
-1.960672757534820931e+01,2.481476930501211342e+01,6.000000000000000000e+00
-1.921007360183171286e+01,2.483731614319877679e+01,6.000000000000000000e+00
-1.881337491746553781e+01,2.485869882860397340e+01,6.000000000000000000e+00
-1.841666684541206678e+01,2.487953480055913147e+01,6.000000000000000000e+00
-1.801993498591366460e+01,2.489989685341916115e+01,6.000000000000000000e+00
-1.762316096137910293e+01,2.491981402536931967e+01,6.000000000000000000e+00
-1.722632623510379446e+01,2.493931543415157037e+01,6.000000000000000000e+00
-1.682941258860986622e+01,2.495843019750788017e+01,6.000000000000000000e+00
-1.643240156474938729e+01,2.497718727406683215e+01,6.000000000000000000e+00
-1.603527582016788955e+01,2.499560010890604289e+01,6.000000000000000000e+00
-1.563803718466881421e+01,2.501339192436354963e+01,6.000000000000000000e+00
-1.524070467229676673e+01,2.503003080453033036e+01,6.000000000000000000e+00
-1.484329761532304914e+01,2.504497600270678248e+01,6.000000000000000000e+00
-1.444583550513229397e+01,2.505768677219324658e+01,6.000000000000000000e+00
-1.404833775355249692e+01,2.506762236629012719e+01,6.000000000000000000e+00
-1.365082385196827630e+01,2.507424203829776133e+01,6.000000000000000000e+00
-1.325331178018749867e+01,2.507709454277256000e+01,6.000000000000000000e+00
-1.285580670939387993e+01,2.507652070049736892e+01,6.000000000000000000e+00
-1.245830728712395796e+01,2.507327486783618298e+01,6.000000000000000000e+00
-1.206081192224431042e+01,2.506811529942987349e+01,6.000000000000000000e+00
-1.166331910317816956e+01,2.506179993169265785e+01,6.000000000000000000e+00
-1.126582731834876761e+01,2.505508693970874390e+01,6.000000000000000000e+00
-1.086833505617932261e+01,2.504873433944904093e+01,6.000000000000000000e+00
-1.047084104376310165e+01,2.504338916532694270e+01,6.000000000000000000e+00
-1.007334528110010297e+01,2.503916741097025067e+01,6.000000000000000000e+00
-9.675848086417000005e+00,2.503602691134278402e+01,6.000000000000000000e+00
-9.278349937053837593e+00,2.503392526273839991e+01,6.000000000000000000e+00
-8.880850992123944465e+00,2.503282006145089156e+01,6.000000000000000000e+00
-8.483351808524044912e+00,2.503266914244408170e+01,6.000000000000000000e+00
-8.085852545367478328e+00,2.503343010201183105e+01,6.000000000000000000e+00
-7.688353679994251344e+00,2.503506053644792217e+01,6.000000000000000000e+00
-7.290855530631088932e+00,2.503751820115955340e+01,6.000000000000000000e+00
-6.893358495061329805e+00,2.504076069244051794e+01,6.000000000000000000e+00
-6.495862811955009697e+00,2.504474584525466696e+01,6.000000000000000000e+00
-6.098368958652117477e+00,2.504943109678246671e+01,6.000000000000000000e+00
-5.700877253379394105e+00,2.505477428198776835e+01,6.000000000000000000e+00
-5.303388014363485503e+00,2.506073307672105344e+01,6.000000000000000000e+00
-4.905901639387783675e+00,2.506726499771946948e+01,6.000000000000000000e+00
-4.508418367122284387e+00,2.507432787994686052e+01,6.000000000000000000e+00
-4.110938754463695055e+00,2.508187931969704110e+01,6.000000000000000000e+00
-3.713462960525359069e+00,2.508987707237718112e+01,6.000000000000000000e+00
-3.315991462647320365e+00,2.509827865472442454e+01,6.000000000000000000e+00
-2.918524499499573377e+00,2.510704182214593061e+01,6.000000000000000000e+00
-2.521062548422175364e+00,2.511612425049220931e+01,6.000000000000000000e+00
-2.123605927641799340e+00,2.512548361561373156e+01,6.000000000000000000e+00
-1.726154955385131862e+00,2.513507751380433319e+01,6.000000000000000000e+00
-1.328709949878873031e+00,2.514486370047118413e+01,6.000000000000000000e+00
-9.312713884630399175e-01,2.515479985146475883e+01,6.000000000000000000e+00
-5.338395098076538225e-01,2.516484356307888604e+01,6.000000000000000000e+00
-1.364147116960799100e-01,2.517495259072072855e+01,6.000000000000000000e+00
2.610029263150168144e-01,2.518509224768129329e+01,6.000000000000000000e+00
6.584142793490314061e-01,2.519524908888302051e+01,6.000000000000000000e+00
1.055820222529332497e+00,2.520541332885522934e+01,6.000000000000000000e+00
1.453221710536019673e+00,2.521557518212729221e+01,6.000000000000000000e+00
1.850619618492448382e+00,2.522572486322852470e+01,6.000000000000000000e+00
2.248015060192062098e+00,2.523585242757495806e+01,6.000000000000000000e+00
2.645408831201550459e+00,2.524594824880924904e+01,6.000000000000000000e+00
3.042801886201000450e+00,2.525600246190407816e+01,6.000000000000000000e+00
3.440195179870458642e+00,2.526600520183212950e+01,6.000000000000000000e+00
3.837589666889999140e+00,2.527594676267940343e+01,6.000000000000000000e+00
4.234986301939680509e+00,2.528581727941855917e+01,6.000000000000000000e+00
4.632385960142899606e+00,2.529560696657897623e+01,6.000000000000000000e+00
5.029789675736394017e+00,2.530530595913330316e+01,6.000000000000000000e+00
5.427198244286893569e+00,2.531490455116755101e+01,6.000000000000000000e+00
5.824612779587774902e+00,2.532439295721107442e+01,6.000000000000000000e+00
6.222034077205782054e+00,2.533376123267986557e+01,6.000000000000000000e+00
6.619463091820974476e+00,2.534299975121661674e+01,6.000000000000000000e+00
7.016900857670091085e+00,2.535209856823732721e+01,6.000000000000000000e+00
7.414348249876512753e+00,2.536104789827133388e+01,6.000000000000000000e+00
7.811806223120314030e+00,2.536983803540466198e+01,6.000000000000000000e+00
8.209275732081554366e+00,2.537845903505328238e+01,6.000000000000000000e+00
8.606757651883629734e+00,2.538690127085992998e+01,6.000000000000000000e+00
9.004252937206612017e+00,2.539515479824056854e+01,6.000000000000000000e+00
9.401762542730534022e+00,2.540320983172455271e+01,6.000000000000000000e+00
9.799287502692177299e+00,2.541105658584121940e+01,6.000000000000000000e+00
1.019682861265821572e+01,2.541868527511991971e+01,6.000000000000000000e+00
1.059438690686541484e+01,2.542608611408999053e+01,6.000000000000000000e+00
1.099196158974705995e+01,2.543331765646203735e+01,6.000000000000000000e+00
1.138954375095586791e+01,2.544079868855748572e+01,6.000000000000000000e+00
1.178712145699103608e+01,2.544906645658242894e+01,6.000000000000000000e+00
1.218468277435177249e+01,2.545865820674288926e+01,6.000000000000000000e+00
1.258221600820729513e+01,2.547011118524492446e+01,6.000000000000000000e+00
1.297970914550012367e+01,2.548396255873796079e+01,6.000000000000000000e+00
1.337715033228612782e+01,2.550074861874796284e+01,6.000000000000000000e+00
1.377449286879885904e+01,2.551995765676059946e+01,6.000000000000000000e+00
1.417158766583495044e+01,2.553800317844512691e+01,6.000000000000000000e+00
1.456826701792982171e+01,2.555073797404654812e+01,6.000000000000000000e+00
1.496436337873224076e+01,2.555401467469647514e+01,6.000000000000000000e+00
1.535970888366425768e+01,2.554368615019657440e+01,6.000000000000000000e+00
1.575413598637462265e+01,2.551560519079179556e+01,5.985129845481321098e+00
1.614746560479466453e+01,2.546564216875163567e+01,5.655792633641626210e+00
1.653864385169030626e+01,2.539103129637380007e+01,5.580342231853413715e+00
1.692513605149143174e+01,2.529131536146425319e+01,5.494923245275320944e+00
1.730426424706161015e+01,2.516626046740732647e+01,5.382327723811268783e+00
1.767335040170778626e+01,2.501563271758728035e+01,5.250179928443531097e+00
1.802971655829353281e+01,2.483919813583176150e+01,5.106803632541353721e+00
1.837068475968243675e+01,2.463672282552507653e+01,4.965546295028828716e+00
1.869361014431366286e+01,2.440802253341485084e+01,4.931597276401175733e+00
1.899661565206786662e+01,2.415406793045623601e+01,5.000695684836903077e+00
1.927859727500763398e+01,2.387699240836577630e+01,5.067376340715907368e+00
1.953848513500781436e+01,2.357898035468672049e+01,5.121843977115756452e+00
1.977520911527325609e+01,2.326221607740569297e+01,5.159972404942786639e+00
1.998769917856545675e+01,2.292888420273599337e+01,5.178767051389182363e+00
2.017488640143935541e+01,2.258116895910756838e+01,5.284533168038321627e+00
2.033696537951466254e+01,2.222127000894469973e+01,5.645653351569042577e+00
2.047788148726952429e+01,2.185143188463472441e+01,5.985912498808913185e+00
2.060227295823861127e+01,2.147390747201551875e+01,6.000000000000000000e+00
2.071477802595654794e+01,2.109094957736828491e+01,6.000000000000000000e+00
2.082003476484464599e+01,2.070481116608757688e+01,6.000000000000000000e+00
2.092268140843756186e+01,2.031774512401127453e+01,6.000000000000000000e+00
2.102733120947491940e+01,1.993199176702308506e+01,6.000000000000000000e+00
2.113661980094363102e+01,1.954880681763393824e+01,6.000000000000000000e+00
2.124980141860032390e+01,1.916776202227844550e+01,6.000000000000000000e+00
2.136579910377601621e+01,1.878826404729677080e+01,6.000000000000000000e+00
2.148353573868841337e+01,1.840971979769911471e+01,6.000000000000000000e+00
2.160193436466860462e+01,1.803153593982564828e+01,6.000000000000000000e+00
2.171991794349091265e+01,1.765311929912988731e+01,6.000000000000000000e+00
2.183643672486825693e+01,1.727389181683303931e+01,6.000000000000000000e+00
2.195108719736018799e+01,1.689363813302398043e+01,6.000000000000000000e+00
2.206412473788387629e+01,1.651251250808972060e+01,6.000000000000000000e+00
2.217583431843841169e+01,1.613068567064840764e+01,6.000000000000000000e+00
2.228650099057962919e+01,1.574832834931815206e+01,6.000000000000000000e+00
2.239640972630663285e+01,1.536561143183042510e+01,6.000000000000000000e+00
2.250584557717522927e+01,1.498270580591669798e+01,6.000000000000000000e+00
2.261509343562788388e+01,1.459978204108176314e+01,6.000000000000000000e+00
2.272443843277705966e+01,1.421701118417041521e+01,6.000000000000000000e+00
2.283416554062186776e+01,1.383456388424411898e+01,6.000000000000000000e+00
2.294455973116145486e+01,1.345261094947767333e+01,6.000000000000000000e+00
2.305590597639494987e+01,1.307132318804587179e+01,6.000000000000000000e+00
2.316848932787813453e+01,1.269087148768018736e+01,6.000000000000000000e+00
2.328259475761015196e+01,1.231142657699874832e+01,6.000000000000000000e+00
2.339827851215812160e+01,1.193289083996499045e+01,6.000000000000000000e+00
2.351429910965535086e+01,1.155364529830359466e+01,5.914228692284547506e+00
2.362895841293788024e+01,1.117153500043992054e+01,5.347431409929410684e+00
2.374044070008050866e+01,1.078443872682825422e+01,4.706351700447463315e+00
2.383643879259383169e+01,1.039330415654554152e+01,3.963061832390561978e+00
2.388599488225667855e+01,1.000453409011153738e+01,3.071678168586431834e+00
2.385623694776267456e+01,9.625092839037000303e+00,2.701545998757821199e+00
2.372700604443543781e+01,9.261564593053874361e+00,3.080992214480563707e+00
2.351756785463807020e+01,8.919353875561572664e+00,3.674867513266465657e+00
2.325480776010845219e+01,8.603637439207545867e+00,4.196689413883048836e+00
2.296513316609900457e+01,8.319300779663043599e+00,4.655238987748711921e+00
2.266324853229668790e+01,8.064096739170572903e+00,5.062041785480193568e+00
2.235174478083873950e+01,7.828395300810434776e+00,5.434201036459498368e+00
2.203264758370780996e+01,7.602266280339459392e+00,5.782864099294219962e+00
2.170752436645572914e+01,7.379343871090376261e+00,6.000000000000000000e+00
2.137713608865027481e+01,7.159537617127115006e+00,6.000000000000000000e+00
2.104216144826031609e+01,6.943395345693109455e+00,6.000000000000000000e+00
2.070327922281141753e+01,6.731464804475129959e+00,6.000000000000000000e+00
2.036116818982913301e+01,6.524293741159932658e+00,6.000000000000000000e+00
2.001650720639569414e+01,6.322429903434287901e+00,6.000000000000000000e+00
1.966996255963917051e+01,6.126389773212864043e+00,6.000000000000000000e+00
1.932189153857352082e+01,5.935905483181008080e+00,6.000000000000000000e+00
1.897232779567102057e+01,5.749887902498953984e+00,6.000000000000000000e+00
1.862128946985287570e+01,5.567208997114327929e+00,6.000000000000000000e+00
1.826879477959697340e+01,5.386740812531409794e+00,6.000000000000000000e+00
1.791486194338122218e+01,5.207355394254508774e+00,6.000000000000000000e+00
1.755950917968349501e+01,5.027925424241279195e+00,6.000000000000000000e+00
1.720246416601552397e+01,4.848844867131500536e+00,6.000000000000000000e+00
1.684253609811070262e+01,4.675321582231392270e+00,6.000000000000000000e+00
1.647835278249027269e+01,4.513513335510921820e+00,6.000000000000000000e+00
1.610859691977915986e+01,4.369358873422027223e+00,6.000000000000000000e+00
1.573336111394356074e+01,4.243160988658367216e+00,6.000000000000000000e+00
1.535423681665029960e+01,4.129230504048090999e+00,6.000000000000000000e+00
1.497288294362405914e+01,4.021608306631224039e+00,6.000000000000000000e+00
1.459046261340957962e+01,3.916207649723459028e+00,6.000000000000000000e+00
1.420724218174472497e+01,3.812329548404562285e+00,6.000000000000000000e+00
1.382339380926771710e+01,3.709631352088189615e+00,6.000000000000000000e+00
1.343908941794678924e+01,3.607770648858023677e+00,6.000000000000000000e+00
1.305450108886344296e+01,3.506404867684416615e+00,6.000000000000000000e+00
1.266980090309927398e+01,3.405191517094373843e+00,6.000000000000000000e+00
1.228515767991226149e+01,3.303794549705338035e+00,6.000000000000000000e+00
1.190065503336467323e+01,3.202049999216306730e+00,6.000000000000000000e+00
1.151628508734599521e+01,3.099978948145359237e+00,6.000000000000000000e+00
1.113203527190204767e+01,2.997611468914514354e+00,6.000000000000000000e+00
1.074789333530534208e+01,2.894977872615812853e+00,6.000000000000000000e+00
1.036384662804503343e+01,2.792108231671266427e+00,6.000000000000000000e+00
9.979882739280276027e+00,2.689032777616237269e+00,6.000000000000000000e+00
9.595989337726926749e+00,2.585781662429416539e+00,6.000000000000000000e+00
9.212153773874117491e+00,2.482385117646171757e+00,6.000000000000000000e+00
8.828363716437690911e+00,2.378873295245187425e+00,6.000000000000000000e+00
8.444606754576826191e+00,2.275276347205160477e+00,6.000000000000000000e+00
8.060870238780667663e+00,2.171624584618111697e+00,6.000000000000000000e+00
7.677141917321725906e+00,2.067948000349407511e+00,6.000000000000000000e+00
7.293409140689156800e+00,1.964276905491062486e+00,6.000000000000000000e+00
6.909661089175545889e+00,1.860638031084884236e+00,6.000000000000000000e+00
6.525895216967414036e+00,1.757037423437947110e+00,6.000000000000000000e+00
6.142112478744821580e+00,1.653473332303454280e+00,6.000000000000000000e+00
5.758313670074484136e+00,1.549944007434628901e+00,6.000000000000000000e+00
5.374499825193140623e+00,1.446447778141358942e+00,6.000000000000000000e+00
4.990671580554151276e+00,1.342982814620189647e+00,6.000000000000000000e+00
4.606829970394267448e+00,1.239547525737674016e+00,6.000000000000000000e+00
4.222975790280206532e+00,1.136140002133692040e+00,6.000000000000000000e+00
3.839109915335376044e+00,1.032758652674796940e+00,6.000000000000000000e+00
3.455233300239810124e+00,9.294016475575400671e-01,6.000000000000000000e+00
3.071346661003573342e+00,8.260673160918031721e-01,6.000000000000000000e+00
2.687451031863404172e+00,7.227539080308026387e-01,6.000000000000000000e+00
2.303547128829341428e+00,6.194596731277551838e-01,6.000000000000000000e+00
1.919635906581444562e+00,5.161828611358773022e-01,6.000000000000000000e+00
1.535718160686457390e+00,4.129218013650637342e-01,6.000000000000000000e+00
1.151794845824426483e+00,3.096747435685178740e-01,6.000000000000000000e+00
7.678668371187467034e-01,2.064398579427846048e-01,6.000000000000000000e+00
3.839349301361352218e-01,1.032155533544369397e-01,6.000000000000000000e+00
