3.6784,-5.0909,0.0544,0.0000
3.7174,-5.0889,0.0500,0.0000
3.7566,-5.0870,0.0456,0.0000
3.7958,-5.0853,0.0413,0.0000
3.8352,-5.0837,0.0370,0.0000
3.8747,-5.0824,0.0327,0.0000
3.9144,-5.0811,0.0285,0.0000
3.9542,-5.0801,0.0243,0.0000
3.9941,-5.0792,0.0202,0.0000
4.0342,-5.0785,0.0161,0.0000
4.0744,-5.0779,0.0121,0.0000
4.1147,-5.0775,0.0081,0.0000
4.1552,-5.0773,0.0041,0.0000
4.1958,-5.0772,0.0002,0.0000
4.2366,-5.0772,-0.0037,0.0000
4.2776,-5.0775,-0.0075,0.0000
4.3187,-5.0779,-0.0113,0.0000
4.3600,-5.0784,-0.0150,0.0000
4.4015,-5.0791,-0.0186,0.0000
4.4431,-5.0799,-0.0223,0.0000
4.4850,-5.0810,-0.0258,0.0000
4.5270,-5.0821,-0.0293,0.0000
4.5692,-5.0834,-0.0328,0.0000
4.6116,-5.0849,-0.0362,0.0000
4.6542,-5.0865,-0.0395,0.0000
4.6970,-5.0883,-0.0428,0.0000
4.7400,-5.0902,-0.0461,0.0000
4.7832,-5.0922,-0.0492,0.0000
4.8267,-5.0944,-0.0524,0.0000
4.8704,-5.0968,-0.0554,0.0000
4.9143,-5.0993,-0.0584,0.0000
4.9585,-5.1020,-0.0614,0.0000
5.0030,-5.1048,-0.0642,0.0000
5.0477,-5.1077,-0.0670,0.0000
5.0927,-5.1108,-0.0698,0.0000
5.1380,-5.1140,-0.0725,0.0000
5.1836,-5.1174,-0.0751,0.0000
5.2295,-5.1209,-0.0776,0.0000
5.2757,-5.1245,-0.0801,0.0000
5.3223,-5.1283,-0.0825,0.0000
5.3692,-5.1323,-0.0848,0.0000
5.4164,-5.1363,-0.0871,0.0000
5.4641,-5.1406,-0.0892,0.0000
5.5122,-5.1449,-0.0913,0.0000
5.5607,-5.1494,-0.0934,0.0000
5.6096,-5.1540,-0.0953,0.0000
5.6591,-5.1588,-0.0972,0.0000
5.7090,-5.1637,-0.0990,0.0000
5.7595,-5.1688,-0.1006,0.0000
5.8105,-5.1740,-0.1022,0.0000
5.8622,-5.1793,-0.1038,0.0000
5.9145,-5.1848,-0.1052,0.0000
5.9676,-5.1904,-0.1065,0.0000
6.0214,-5.1962,-0.1077,0.0000
6.0761,-5.2022,-0.1088,0.0000
6.1317,-5.2083,-0.1098,0.0000
6.1885,-5.2146,-0.1107,0.0000
6.2465,-5.2210,-0.1115,0.0000
6.3060,-5.2277,-0.1121,0.0000
6.3672,-5.2346,-0.1127,0.0000
6.4308,-5.2418,-0.1130,0.0000
6.4977,-5.2494,-0.1132,0.0000
6.5702,-5.2577,-0.1133,0.0000
6.6380,-5.2654,-0.1131,0.0000
6.7020,-5.2726,-0.1127,0.0000
6.7637,-5.2796,-0.1122,0.0000
6.8235,-5.2863,-0.1116,0.0000
6.8817,-5.2928,-0.1109,0.0000
6.9388,-5.2992,-0.1100,0.0000
6.9947,-5.3053,-0.1090,0.0000
7.0497,-5.3113,-0.1079,0.0000
7.1038,-5.3171,-0.1068,0.0000
7.1571,-5.3228,-0.1055,0.0000
7.2097,-5.3284,-0.1041,0.0000
7.2616,-5.3337,-0.1026,0.0000
7.3129,-5.3390,-0.1011,0.0000
7.3637,-5.3441,-0.0994,0.0000
7.4139,-5.3491,-0.0977,0.0000
7.4637,-5.3539,-0.0959,0.0000
7.5129,-5.3586,-0.0940,0.0000
7.5617,-5.3631,-0.0920,0.0000
7.6101,-5.3675,-0.0900,0.0000
7.6581,-5.3718,-0.0879,0.0000
7.7058,-5.3760,-0.0857,0.0000
7.7530,-5.3800,-0.0834,0.0000
7.8000,-5.3838,-0.0811,0.0000
7.8466,-5.3876,-0.0787,0.0000
7.8928,-5.3912,-0.0762,0.0000
7.9388,-5.3946,-0.0737,0.0000
7.9845,-5.3979,-0.0711,0.0000
8.0299,-5.4011,-0.0685,0.0000
8.0751,-5.4042,-0.0658,0.0000
8.1200,-5.4070,-0.0630,0.0000
8.1646,-5.4098,-0.0602,0.0000
8.2090,-5.4124,-0.0573,0.0000
8.2531,-5.4149,-0.0543,0.0000
8.2971,-5.4172,-0.0513,0.0000
8.3408,-5.4194,-0.0483,0.0000
8.3843,-5.4214,-0.0452,0.0000
8.4276,-5.4233,-0.0420,0.0000
8.4707,-5.4250,-0.0388,0.0000
8.5137,-5.4266,-0.0355,0.0000
8.5564,-5.4281,-0.0322,0.0000
8.5989,-5.4294,-0.0288,0.0000
8.6413,-5.4305,-0.0254,0.0000
8.6835,-5.4315,-0.0220,0.0000
8.7255,-5.4324,-0.0185,0.0000
8.7674,-5.4331,-0.0149,0.0000
8.8091,-5.4336,-0.0113,0.0000
8.8507,-5.4340,-0.0077,0.0000
8.8921,-5.4343,-0.0040,0.0000
8.9333,-5.4344,-0.0002,0.0000
8.9745,-5.4343,0.0035,0.0000
9.0154,-5.4341,0.0073,0.0000
9.0563,-5.4337,0.0112,0.0000
9.0970,-5.4332,0.0151,0.0000
9.1375,-5.4325,0.0190,0.0000
9.1780,-5.4316,0.0230,0.0000
9.2183,-5.4306,0.0270,0.0000
9.2585,-5.4294,0.0310,0.0000
9.2986,-5.4281,0.0351,0.0000
9.3386,-5.4266,0.0392,0.0000
9.3784,-5.4250,0.0434,0.0000
9.4182,-5.4232,0.0475,0.0000
9.4578,-5.4212,0.0517,0.0000
9.4973,-5.4191,0.0560,0.0000
9.5367,-5.4168,0.0603,0.0000
9.5760,-5.4143,0.0646,0.0000
9.6152,-5.4117,0.0689,0.0000
9.6543,-5.4089,0.0733,0.0000
9.6933,-5.4060,0.0777,0.0000
9.7322,-5.4029,0.0821,0.0000
9.7710,-5.3996,0.0866,0.0000
9.8096,-5.3961,0.0911,0.0000
9.8481,-5.3925,0.0956,0.0000
9.8865,-5.3888,0.1002,0.0000
9.9248,-5.3848,0.1048,0.0000
9.9629,-5.3807,0.1095,0.0000
10.0009,-5.3765,0.1142,0.0000
10.0388,-5.3720,0.1189,0.0000
10.0765,-5.3674,0.1237,0.0000
10.1141,-5.3627,0.1285,0.0000
10.1516,-5.3577,0.1334,0.0000
10.1889,-5.3526,0.1383,0.0000
10.2261,-5.3474,0.1432,0.0000
10.2631,-5.3419,0.1482,0.0000
10.3000,-5.3363,0.1533,0.0000
10.3367,-5.3305,0.1584,0.0000
10.3733,-5.3246,0.1635,0.0000
10.4097,-5.3185,0.1687,0.0000
10.4460,-5.3122,0.1740,0.0000
10.4821,-5.3058,0.1792,0.0000
10.5180,-5.2992,0.1846,0.0000
10.5538,-5.2924,0.1900,0.0000
10.5894,-5.2855,0.1954,0.0000
10.6248,-5.2783,0.2009,0.0000
10.6600,-5.2711,0.2065,0.0000
10.6951,-5.2636,0.2121,0.0000
10.7301,-5.2560,0.2178,0.0000
10.7648,-5.2482,0.2235,0.0000
10.7993,-5.2402,0.2293,0.0000
10.8337,-5.2321,0.2351,0.0000
10.8679,-5.2238,0.2411,0.0000
10.9019,-5.2153,0.2470,0.0000
10.9358,-5.2067,0.2531,0.0000
10.9694,-5.1979,0.2591,0.0000
11.0029,-5.1889,0.2653,0.0000
11.0361,-5.1798,0.2715,0.0000
11.0692,-5.1704,0.2778,0.0000
11.1021,-5.1610,0.2842,0.0000
11.1347,-5.1513,0.2906,0.0000
11.1672,-5.1415,0.2971,0.0000
11.1995,-5.1315,0.3036,0.0000
11.2316,-5.1213,0.3103,0.0000
11.2634,-5.1110,0.3170,0.0000
11.2951,-5.1005,0.3237,0.0000
11.3265,-5.0898,0.3306,0.0000
11.3578,-5.0789,0.3375,0.0000
11.3888,-5.0679,0.3445,0.0000
11.4197,-5.0568,0.3515,0.0000
11.4503,-5.0454,0.3586,0.0000
11.4807,-5.0339,0.3659,0.0000
11.5109,-5.0222,0.3731,0.0000
11.5408,-5.0103,0.3805,0.0000
11.5706,-4.9983,0.3879,0.0000
11.6001,-4.9861,0.3955,0.0000
11.6294,-4.9737,0.4030,0.0000
11.6585,-4.9612,0.4107,0.0000
11.6874,-4.9485,0.4185,0.0000
11.7160,-4.9356,0.4263,0.0000
11.7444,-4.9226,0.4342,0.0000
11.7726,-4.9094,0.4422,0.0000
11.8005,-4.8960,0.4503,0.0000
11.8282,-4.8825,0.4584,0.0000
11.8557,-4.8688,0.4667,0.0000
11.8830,-4.8549,0.4750,0.0000
11.9100,-4.8409,0.4834,0.0000
11.9368,-4.8267,0.4919,0.0000
11.9633,-4.8123,0.5004,0.0000
11.9896,-4.7978,0.5091,0.0000
12.0157,-4.7831,0.5178,0.0000
12.0415,-4.7682,0.5266,0.0000
12.0671,-4.7532,0.5355,0.0000
12.0925,-4.7380,0.5445,0.0000
12.1176,-4.7226,0.5536,0.0000
12.1425,-4.7071,0.5627,0.0000
12.1671,-4.6914,0.5719,0.0000
12.1915,-4.6755,0.5812,0.0000
12.2156,-4.6595,0.5906,0.0000
12.2395,-4.6434,0.6001,0.0000
12.2631,-4.6270,0.6097,0.0000
12.2865,-4.6105,0.6193,0.0000
12.3096,-4.5939,0.6290,0.0000
12.3325,-4.5770,0.6388,0.0000
12.3551,-4.5601,0.6486,0.0000
12.3775,-4.5429,0.6586,0.0000
12.3997,-4.5256,0.6686,0.0000
12.4215,-4.5081,0.6787,0.0000
12.4432,-4.4905,0.6888,0.0000
12.4646,-4.4727,0.6991,0.0000
12.4857,-4.4548,0.7094,0.0000
12.5065,-4.4367,0.7198,0.0000
12.5272,-4.4184,0.7302,0.0000
12.5475,-4.4000,0.7407,0.0000
12.5676,-4.3814,0.7513,0.0000
12.5875,-4.3627,0.7619,0.0000
12.6071,-4.3438,0.7726,0.0000
12.6264,-4.3247,0.7834,0.0000
12.6455,-4.3055,0.7942,0.0000
12.6643,-4.2862,0.8051,0.0000
12.6829,-4.2666,0.8160,0.0000
12.7012,-4.2470,0.8270,0.0000
12.7192,-4.2271,0.8380,0.0000
12.7370,-4.2071,0.8491,0.0000
12.7545,-4.1870,0.8603,0.0000
12.7718,-4.1667,0.8714,0.0000
12.7888,-4.1462,0.8826,0.0000
12.8056,-4.1256,0.8939,0.0000
12.8221,-4.1049,0.9052,0.0000
12.8384,-4.0838,0.9163,0.0000
12.8546,-4.0624,0.9274,0.0000
12.8706,-4.0408,0.9383,0.0000
12.8865,-4.0189,0.9491,0.0000
12.9023,-3.9966,0.9598,0.0000
12.9179,-3.9741,0.9703,0.0000
12.9333,-3.9513,0.9808,0.0000
12.9487,-3.9282,0.9911,0.0000
12.9638,-3.9047,1.0012,0.0000
12.9789,-3.8810,1.0112,0.0000
12.9938,-3.8569,1.0211,0.0000
13.0086,-3.8325,1.0308,0.0000
13.0232,-3.8078,1.0403,0.0000
13.0377,-3.7828,1.0497,0.0000
13.0521,-3.7574,1.0590,0.0000
13.0664,-3.7317,1.0680,0.0000
13.0806,-3.7057,1.0770,0.0000
13.0947,-3.6793,1.0857,0.0000
13.1086,-3.6525,1.0943,0.0000
13.1224,-3.6255,1.1027,0.0000
13.1362,-3.5980,1.1110,0.0000
13.1498,-3.5702,1.1190,0.0000
13.1634,-3.5420,1.1269,0.0000
13.1768,-3.5134,1.1347,0.0000
13.1902,-3.4845,1.1422,0.0000
13.2034,-3.4551,1.1496,0.0000
13.2166,-3.4254,1.1568,0.0000
13.2298,-3.3952,1.1638,0.0000
13.2428,-3.3646,1.1706,0.0000
13.2558,-3.3336,1.1772,0.0000
13.2688,-3.3022,1.1837,0.0000
13.2816,-3.2703,1.1900,0.0000
13.2945,-3.2380,1.1961,0.0000
13.3073,-3.2052,1.2020,0.0000
13.3200,-3.1719,1.2077,0.0000
13.3327,-3.1381,1.2132,0.0000
13.3455,-3.1038,1.2185,0.0000
13.3582,-3.0690,1.2236,0.0000
13.3708,-3.0336,1.2286,0.0000
13.3835,-2.9977,1.2333,0.0000
13.3963,-2.9612,1.2379,0.0000
13.4090,-2.9241,1.2422,0.0000
13.4218,-2.8863,1.2464,0.0000
13.4346,-2.8479,1.2504,0.0000
13.4475,-2.8088,1.2541,0.0000
13.4605,-2.7689,1.2576,0.0000
13.4736,-2.7283,1.2610,0.0000
13.4868,-2.6868,1.2641,0.0000
13.5001,-2.6444,1.2670,0.0000
13.5137,-2.6011,1.2697,0.0000
13.5274,-2.5567,1.2721,0.0000
13.5414,-2.5112,1.2743,0.0000
13.5556,-2.4643,1.2763,0.0000
13.5702,-2.4160,1.2780,0.0000
13.5853,-2.3660,1.2795,0.0000
13.5997,-2.3177,1.2813,0.0000
13.6131,-2.2724,1.2836,0.0000
13.6258,-2.2291,1.2863,0.0000
13.6379,-2.1875,1.2895,0.0000
13.6495,-2.1472,1.2930,0.0000
13.6606,-2.1081,1.2969,0.0000
13.6712,-2.0700,1.3012,0.0000
13.6814,-2.0328,1.3058,0.0000
13.6912,-1.9964,1.3106,0.0000
13.7006,-1.9607,1.3158,0.0000
13.7096,-1.9256,1.3213,0.0000
13.7183,-1.8912,1.3271,0.0000
13.7266,-1.8574,1.3332,0.0000
13.7345,-1.8242,1.3396,0.0000
13.7421,-1.7914,1.3462,0.0000
13.7494,-1.7592,1.3531,0.0000
13.7563,-1.7275,1.3604,0.0000
13.7628,-1.6962,1.3679,0.0000
13.7690,-1.6653,1.3757,0.0000
13.7749,-1.6349,1.3838,0.0000
13.7805,-1.6050,1.3921,0.0000
13.7857,-1.5754,1.4008,0.0000
13.7906,-1.5462,1.4097,0.0000
13.7951,-1.5174,1.4190,0.0000
13.7993,-1.4890,1.4286,0.0000
13.8032,-1.4610,1.4384,0.0000
13.8067,-1.4333,1.4486,0.0000
13.8099,-1.4060,1.4591,0.0000
13.8128,-1.3790,1.4699,0.0000
13.8154,-1.3524,1.4810,0.0000
13.8176,-1.3262,1.4924,0.0000
13.8195,-1.3002,1.5041,0.0000
13.8210,-1.2747,1.5162,0.0000
13.8222,-1.2494,1.5286,0.0000
13.8231,-1.2245,1.5414,0.0000
13.8237,-1.1999,1.5545,0.0000
13.8239,-1.1756,1.5679,0.0000
13.8238,-1.1517,1.5817,0.0000
13.8234,-1.1281,1.5958,0.0000
13.8227,-1.1048,1.6102,0.0000
13.8216,-1.0818,1.6250,0.0000
13.8202,-1.0591,1.6402,0.0000
13.8185,-1.0367,1.6557,0.0000
13.8164,-1.0146,1.6715,0.0000
13.8140,-0.9929,1.6877,0.0000
13.8113,-0.9714,1.7042,0.0000
13.8083,-0.9502,1.7211,0.0000
13.8049,-0.9293,1.7383,0.0000
13.8013,-0.9087,1.7559,0.0000
13.7973,-0.8884,1.7738,0.0000
13.7930,-0.8684,1.7920,0.0000
13.7884,-0.8487,1.8105,0.0000
13.7834,-0.8292,1.8294,0.0000
13.7781,-0.8101,1.8485,0.0000
13.7726,-0.7912,1.8679,0.0000
13.7667,-0.7726,1.8876,0.0000
13.7604,-0.7542,1.9076,0.0000
13.7539,-0.7361,1.9278,0.0000
13.7471,-0.7183,1.9483,0.0000
13.7399,-0.7008,1.9690,0.0000
13.7324,-0.6835,1.9900,0.0000
13.7246,-0.6665,2.0111,0.0000
13.7164,-0.6496,2.0322,0.0000
13.7079,-0.6328,2.0531,0.0000
13.6989,-0.6162,2.0739,0.0000
13.6896,-0.5996,2.0946,0.0000
13.6799,-0.5832,2.1150,0.0000
13.6698,-0.5669,2.1353,0.0000
13.6593,-0.5507,2.1554,0.0000
13.6484,-0.5346,2.1753,0.0000
13.6371,-0.5186,2.1949,0.0000
13.6255,-0.5028,2.2144,0.0000
13.6134,-0.4870,2.2337,0.0000
13.6010,-0.4714,2.2527,0.0000
13.5882,-0.4560,2.2716,0.0000
13.5751,-0.4407,2.2902,0.0000
13.5615,-0.4255,2.3086,0.0000
13.5476,-0.4105,2.3268,0.0000
13.5333,-0.3956,2.3448,0.0000
13.5187,-0.3808,2.3625,0.0000
13.5036,-0.3663,2.3800,0.0000
13.4883,-0.3519,2.3974,0.0000
13.4725,-0.3376,2.4145,0.0000
13.4564,-0.3235,2.4314,0.0000
13.4400,-0.3096,2.4481,0.0000
13.4232,-0.2959,2.4646,0.0000
13.4061,-0.2824,2.4809,0.0000
13.3886,-0.2690,2.4970,0.0000
13.3708,-0.2559,2.5129,0.0000
13.3527,-0.2429,2.5286,0.0000
13.3343,-0.2302,2.5441,0.0000
13.3156,-0.2177,2.5595,0.0000
13.2965,-0.2053,2.5747,0.0000
13.2772,-0.1932,2.5898,0.0000
13.2575,-0.1813,2.6047,0.0000
13.2376,-0.1697,2.6194,0.0000
13.2174,-0.1582,2.6340,0.0000
13.1970,-0.1471,2.6484,0.0000
13.1763,-0.1361,2.6628,0.0000
13.1553,-0.1254,2.6770,0.0000
13.1341,-0.1150,2.6911,0.0000
13.1126,-0.1048,2.7050,0.0000
13.0909,-0.0948,2.7189,0.0000
13.0691,-0.0852,2.7327,0.0000
13.0470,-0.0758,2.7464,0.0000
13.0247,-0.0667,2.7600,0.0000
13.0022,-0.0578,2.7736,0.0000
12.9796,-0.0493,2.7870,0.0000
12.9568,-0.0410,2.8005,0.0000
12.9338,-0.0330,2.8139,0.0000
12.9107,-0.0253,2.8272,0.0000
12.8875,-0.0180,2.8405,0.0000
12.8641,-0.0109,2.8538,0.0000
12.8407,-0.0041,2.8671,0.0000
12.8172,0.0023,2.8804,0.0000
12.7935,0.0085,2.8936,0.0000
12.7699,0.0143,2.9069,0.0000
12.7461,0.0198,2.9202,0.0000
12.7223,0.0250,2.9336,0.0000
12.6985,0.0299,2.9470,0.0000
12.6747,0.0344,2.9604,0.0000
12.6508,0.0386,2.9739,0.0000
12.6270,0.0425,2.9874,0.0000
12.6032,0.0460,3.0011,0.0000
12.5795,0.0492,3.0148,0.0000
12.5557,0.0521,3.0286,0.0000
12.5321,0.0546,3.0425,0.0000
12.5085,0.0568,3.0566,0.0000
12.4850,0.0586,3.0708,0.0000
12.4616,0.0601,3.0851,0.0000
12.4383,0.0612,3.0995,0.0000
12.4151,0.0620,3.1142,0.0000
12.3921,0.0625,3.1289,0.0000
12.3692,0.0626,-3.1393,0.0000
12.3465,0.0624,-3.1241,0.0000
12.3240,0.0618,-3.1087,0.0000
12.3016,0.0609,-3.0932,0.0000
12.2794,0.0597,-3.0773,0.0000
12.2575,0.0581,-3.0613,0.0000
12.2357,0.0562,-3.0450,0.0000
12.2142,0.0539,-3.0284,0.0000
12.1930,0.0513,-3.0116,0.0000
12.1719,0.0484,-2.9945,0.0000
12.1512,0.0451,-2.9771,0.0000
12.1307,0.0415,-2.9594,0.0000
12.1105,0.0376,-2.9414,0.0000
12.0905,0.0334,-2.9230,0.0000
12.0709,0.0288,-2.9043,0.0000
12.0516,0.0239,-2.8853,0.0000
12.0325,0.0188,-2.8659,0.0000
12.0138,0.0133,-2.8461,0.0000
11.9954,0.0075,-2.8260,0.0000
11.9774,0.0014,-2.8054,0.0000
11.9597,-0.0050,-2.7845,0.0000
11.9423,-0.0117,-2.7632,0.0000
11.9252,-0.0187,-2.7415,0.0000
11.9086,-0.0260,-2.7194,0.0000
11.8922,-0.0335,-2.6969,0.0000
11.8762,-0.0414,-2.6740,0.0000
11.8606,-0.0495,-2.6507,0.0000
11.8454,-0.0579,-2.6269,0.0000
11.8305,-0.0665,-2.6028,0.0000
11.8160,-0.0755,-2.5782,0.0000
11.8018,-0.0846,-2.5533,0.0000
11.7881,-0.0941,-2.5280,0.0000
11.7746,-0.1038,-2.5023,0.0000
11.7616,-0.1137,-2.4763,0.0000
11.7490,-0.1239,-2.4499,0.0000
11.7367,-0.1344,-2.4231,0.0000
11.7248,-0.1451,-2.3961,0.0000
11.7133,-0.1560,-2.3688,0.0000
11.7021,-0.1672,-2.3412,0.0000
11.6914,-0.1786,-2.3134,0.0000
11.6810,-0.1902,-2.2853,0.0000
11.6709,-0.2021,-2.2572,0.0000
11.6612,-0.2144,-2.2293,0.0000
11.6517,-0.2270,-2.2016,0.0000
11.6425,-0.2399,-2.1744,0.0000
11.6336,-0.2533,-2.1474,0.0000
11.6249,-0.2670,-2.1209,0.0000
11.6165,-0.2811,-2.0949,0.0000
11.6084,-0.2955,-2.0693,0.0000
11.6006,-0.3104,-2.0442,0.0000
11.5930,-0.3256,-2.0196,0.0000
11.5857,-0.3412,-1.9955,0.0000
11.5787,-0.3573,-1.9720,0.0000
11.5719,-0.3738,-1.9491,0.0000
11.5654,-0.3906,-1.9268,0.0000
11.5592,-0.4079,-1.9050,0.0000
11.5533,-0.4257,-1.8838,0.0000
11.5476,-0.4438,-1.8633,0.0000
11.5422,-0.4625,-1.8433,0.0000
11.5371,-0.4815,-1.8240,0.0000
11.5322,-0.5010,-1.8052,0.0000
11.5276,-0.5210,-1.7871,0.0000
11.5233,-0.5415,-1.7695,0.0000
11.5193,-0.5624,-1.7525,0.0000
11.5155,-0.5839,-1.7362,0.0000
11.5121,-0.6058,-1.7204,0.0000
11.5089,-0.6282,-1.7051,0.0000
11.5059,-0.6512,-1.6904,0.0000
11.5033,-0.6747,-1.6763,0.0000
11.5009,-0.6987,-1.6627,0.0000
11.4988,-0.7232,-1.6497,0.0000
11.4970,-0.7483,-1.6372,0.0000
11.4954,-0.7740,-1.6252,0.0000
11.4942,-0.8002,-1.6137,0.0000
11.4932,-0.8270,-1.6027,0.0000
11.4924,-0.8545,-1.5922,0.0000
11.4920,-0.8826,-1.5821,0.0000
11.4918,-0.9113,-1.5726,0.0000
11.4919,-0.9407,-1.5635,0.0000
11.4922,-0.9708,-1.5549,0.0000
11.4928,-1.0016,-1.5467,0.0000
11.4937,-1.0331,-1.5390,0.0000
11.4949,-1.0655,-1.5317,0.0000
11.4963,-1.0987,-1.5248,0.0000
11.4980,-1.1328,-1.5185,0.0000
11.4999,-1.1679,-1.5125,0.0000
11.5021,-1.2040,-1.5070,0.0000
11.5046,-1.2412,-1.5020,0.0000
11.5073,-1.2797,-1.4974,0.0000
11.5103,-1.3197,-1.4933,0.0000
11.5137,-1.3613,-1.4897,0.0000
11.5173,-1.4048,-1.4867,0.0000
11.5212,-1.4509,-1.4841,0.0000
11.5255,-1.5002,-1.4823,0.0000
11.5304,-1.5549,-1.4811,0.0000
11.5363,-1.6199,-1.4810,0.0000
11.5413,-1.6763,-1.4820,0.0000
11.5458,-1.7269,-1.4836,0.0000
11.5499,-1.7741,-1.4859,0.0000
11.5536,-1.8189,-1.4887,0.0000
11.5571,-1.8618,-1.4919,0.0000
11.5603,-1.9032,-1.4956,0.0000
11.5632,-1.9433,-1.4996,0.0000
11.5659,-1.9822,-1.5041,0.0000
11.5684,-2.0202,-1.5088,0.0000
11.5706,-2.0573,-1.5140,0.0000
11.5725,-2.0935,-1.5194,0.0000
11.5743,-2.1289,-1.5252,0.0000
11.5758,-2.1637,-1.5313,0.0000
11.5770,-2.1978,-1.5377,0.0000
11.5780,-2.2312,-1.5444,0.0000
11.5787,-2.2641,-1.5514,0.0000
11.5793,-2.2964,-1.5587,0.0000
11.5795,-2.3281,-1.5664,0.0000
11.5795,-2.3593,-1.5743,0.0000
11.5793,-2.3901,-1.5825,0.0000
11.5788,-2.4203,-1.5911,0.0000
11.5781,-2.4501,-1.5999,0.0000
11.5771,-2.4794,-1.6090,0.0000
11.5759,-2.5082,-1.6185,0.0000
11.5744,-2.5366,-1.6282,0.0000
11.5726,-2.5646,-1.6383,0.0000
11.5706,-2.5922,-1.6486,0.0000
11.5683,-2.6193,-1.6593,0.0000
11.5658,-2.6461,-1.6703,0.0000
11.5630,-2.6725,-1.6816,0.0000
11.5600,-2.6984,-1.6932,0.0000
11.5567,-2.7240,-1.7051,0.0000
11.5531,-2.7494,-1.7172,0.0000
11.5492,-2.7747,-1.7293,0.0000
11.5451,-2.7997,-1.7416,0.0000
11.5406,-2.8246,-1.7541,0.0000
11.5359,-2.8492,-1.7667,0.0000
11.5309,-2.8736,-1.7794,0.0000
11.5256,-2.8978,-1.7924,0.0000
11.5201,-2.9217,-1.8055,0.0000
11.5142,-2.9454,-1.8188,0.0000
11.5081,-2.9688,-1.8323,0.0000
11.5018,-2.9919,-1.8460,0.0000
11.4952,-3.0148,-1.8600,0.0000
11.4883,-3.0373,-1.8742,0.0000
11.4812,-3.0595,-1.8886,0.0000
11.4738,-3.0813,-1.9034,0.0000
11.4662,-3.1029,-1.9184,0.0000
11.4583,-3.1240,-1.9337,0.0000
11.4502,-3.1449,-1.9494,0.0000
11.4419,-3.1653,-1.9653,0.0000
11.4334,-3.1854,-1.9816,0.0000
11.4246,-3.2051,-1.9983,0.0000
11.4156,-3.2244,-2.0153,0.0000
11.4064,-3.2432,-2.0328,0.0000
11.3970,-3.2617,-2.0506,0.0000
11.3874,-3.2798,-2.0688,0.0000
11.3776,-3.2974,-2.0875,0.0000
11.3676,-3.3146,-2.1067,0.0000
11.3575,-3.3313,-2.1263,0.0000
11.3471,-3.3476,-2.1464,0.0000
11.3366,-3.3635,-2.1669,0.0000
11.3259,-3.3789,-2.1880,0.0000
11.3151,-3.3938,-2.2096,0.0000
11.3041,-3.4083,-2.2318,0.0000
11.2929,-3.4223,-2.2545,0.0000
11.2816,-3.4359,-2.2777,0.0000
11.2701,-3.4489,-2.3015,0.0000
11.2586,-3.4616,-2.3258,0.0000
11.2469,-3.4737,-2.3507,0.0000
11.2350,-3.4854,-2.3762,0.0000
11.2230,-3.4966,-2.4023,0.0000
11.2110,-3.5073,-2.4289,0.0000
11.1988,-3.5176,-2.4561,0.0000
11.1865,-3.5273,-2.4838,0.0000
11.1740,-3.5367,-2.5121,0.0000
11.1615,-3.5455,-2.5409,0.0000
11.1489,-3.5539,-2.5702,0.0000
11.1362,-3.5618,-2.6000,0.0000
11.1234,-3.5693,-2.6303,0.0000
11.1104,-3.5762,-2.6609,0.0000
11.0974,-3.5828,-2.6920,0.0000
11.0843,-3.5889,-2.7235,0.0000
11.0711,-3.5945,-2.7552,0.0000
11.0578,-3.5996,-2.7872,0.0000
11.0444,-3.6043,-2.8195,0.0000
11.0310,-3.6086,-2.8520,0.0000
11.0174,-3.6124,-2.8844,0.0000
11.0035,-3.6158,-2.9164,0.0000
10.9895,-3.6188,-2.9481,0.0000
10.9752,-3.6214,-2.9793,0.0000
10.9607,-3.6235,-3.0101,0.0000
10.9459,-3.6252,-3.0403,0.0000
10.9310,-3.6265,-3.0700,0.0000
10.9158,-3.6274,-3.0992,0.0000
10.9004,-3.6278,-3.1279,0.0000
10.8848,-3.6278,3.1273,0.0000
10.8690,-3.6274,3.0997,0.0000
10.8530,-3.6265,3.0728,0.0000
10.8368,-3.6252,3.0464,0.0000
10.8204,-3.6234,3.0206,0.0000
10.8038,-3.6211,2.9954,0.0000
10.7871,-3.6185,2.9707,0.0000
10.7701,-3.6153,2.9466,0.0000
10.7530,-3.6117,2.9230,0.0000
10.7357,-3.6077,2.9000,0.0000
10.7183,-3.6032,2.8774,0.0000
10.7008,-3.5982,2.8554,0.0000
10.6831,-3.5928,2.8338,0.0000
10.6653,-3.5870,2.8127,0.0000
10.6474,-3.5806,2.7921,0.0000
10.6294,-3.5739,2.7719,0.0000
10.6113,-3.5666,2.7521,0.0000
10.5932,-3.5590,2.7326,0.0000
10.5749,-3.5509,2.7136,0.0000
10.5567,-3.5423,2.6949,0.0000
10.5384,-3.5334,2.6765,0.0000
10.5201,-3.5240,2.6585,0.0000
10.5018,-3.5142,2.6408,0.0000
10.4834,-3.5039,2.6233,0.0000
10.4652,-3.4933,2.6061,0.0000
10.4469,-3.4823,2.5891,0.0000
10.4287,-3.4708,2.5723,0.0000
10.4106,-3.4590,2.5557,0.0000
10.3926,-3.4469,2.5394,0.0000
10.3747,-3.4343,2.5231,0.0000
10.3569,-3.4214,2.5070,0.0000
10.3392,-3.4082,2.4911,0.0000
10.3217,-3.3946,2.4752,0.0000
10.3043,-3.3808,2.4594,0.0000
10.2871,-3.3666,2.4437,0.0000
10.2702,-3.3521,2.4280,0.0000
10.2534,-3.3374,2.4124,0.0000
10.2368,-3.3223,2.3969,0.0000
10.2203,-3.3069,2.3815,0.0000
10.2040,-3.2911,2.3663,0.0000
10.1878,-3.2751,2.3512,0.0000
10.1718,-3.2586,2.3364,0.0000
10.1559,-3.2418,2.3217,0.0000
10.1402,-3.2247,2.3071,0.0000
10.1246,-3.2072,2.2928,0.0000
10.1091,-3.1894,2.2787,0.0000
10.0937,-3.1712,2.2647,0.0000
10.0785,-3.1527,2.2510,0.0000
10.0635,-3.1338,2.2375,0.0000
10.0485,-3.1145,2.2242,0.0000
10.0337,-3.0949,2.2111,0.0000
10.0190,-3.0749,2.1982,0.0000
10.0044,-3.0546,2.1856,0.0000
9.9900,-3.0339,2.1731,0.0000
9.9757,-3.0128,2.1609,0.0000
9.9615,-2.9913,2.1490,0.0000
9.9474,-2.9694,2.1372,0.0000
9.9335,-2.9472,2.1257,0.0000
9.9196,-2.9246,2.1144,0.0000
9.9059,-2.9016,2.1034,0.0000
9.8923,-2.8782,2.0925,0.0000
9.8787,-2.8544,2.0820,0.0000
9.8653,-2.8302,2.0716,0.0000
9.8520,-2.8056,2.0615,0.0000
9.8388,-2.7806,2.0516,0.0000
9.8257,-2.7551,2.0420,0.0000
9.8127,-2.7293,2.0326,0.0000
9.7998,-2.7030,2.0234,0.0000
9.7870,-2.6763,2.0145,0.0000
9.7742,-2.6492,2.0058,0.0000
9.7615,-2.6216,1.9973,0.0000
9.7489,-2.5936,1.9891,0.0000
9.7364,-2.5651,1.9811,0.0000
9.7240,-2.5362,1.9733,0.0000
9.7116,-2.5068,1.9658,0.0000
9.6992,-2.4769,1.9585,0.0000
9.6869,-2.4465,1.9514,0.0000
9.6747,-2.4156,1.9446,0.0000
9.6625,-2.3841,1.9380,0.0000
9.6503,-2.3521,1.9317,0.0000
9.6381,-2.3196,1.9255,0.0000
9.6260,-2.2865,1.9197,0.0000
9.6138,-2.2528,1.9140,0.0000
9.6017,-2.2185,1.9086,0.0000
9.5895,-2.1835,1.9035,0.0000
9.5773,-2.1478,1.8986,0.0000
9.5650,-2.1115,1.8940,0.0000
9.5526,-2.0743,1.8896,0.0000
9.5402,-2.0363,1.8855,0.0000
9.5276,-1.9974,1.8816,0.0000
9.5149,-1.9576,1.8781,0.0000
9.5020,-1.9166,1.8748,0.0000
9.4888,-1.8745,1.8718,0.0000
9.4754,-1.8309,1.8692,0.0000
9.4615,-1.7858,1.8669,0.0000
9.4472,-1.7386,1.8650,0.0000
9.4322,-1.6888,1.8635,0.0000
9.4161,-1.6353,1.8624,0.0000
9.3978,-1.5744,1.8620,0.0000
9.3792,-1.5124,1.8624,0.0000
9.3631,-1.4587,1.8634,0.0000
9.3480,-1.4088,1.8649,0.0000
9.3337,-1.3616,1.8668,0.0000
9.3198,-1.3164,1.8691,0.0000
9.3064,-1.2730,1.8718,0.0000
9.2933,-1.2310,1.8748,0.0000
9.2804,-1.1902,1.8781,0.0000
9.2678,-1.1506,1.8817,0.0000
9.2553,-1.1119,1.8856,0.0000
9.2429,-1.0742,1.8898,0.0000
9.2307,-1.0374,1.8943,0.0000
9.2185,-1.0014,1.8991,0.0000
9.2064,-0.9661,1.9041,0.0000
9.1943,-0.9315,1.9095,0.0000
9.1823,-0.8976,1.9150,0.0000
9.1702,-0.8644,1.9209,0.0000
9.1582,-0.8318,1.9270,0.0000
9.1462,-0.7998,1.9333,0.0000
9.1342,-0.7684,1.9400,0.0000
9.1221,-0.7375,1.9469,0.0000
9.1100,-0.7072,1.9540,0.0000
9.0979,-0.6774,1.9614,0.0000
9.0857,-0.6482,1.9691,0.0000
9.0735,-0.6194,1.9770,0.0000
9.0612,-0.5912,1.9852,0.0000
9.0488,-0.5634,1.9936,0.0000
9.0364,-0.5362,2.0023,0.0000
9.0240,-0.5094,2.0113,0.0000
9.0114,-0.4830,2.0206,0.0000
8.9988,-0.4572,2.0301,0.0000
8.9860,-0.4318,2.0398,0.0000
8.9732,-0.4068,2.0499,0.0000
8.9603,-0.3823,2.0602,0.0000
8.9473,-0.3582,2.0708,0.0000
8.9342,-0.3345,2.0816,0.0000
8.9210,-0.3113,2.0927,0.0000
8.9077,-0.2884,2.1041,0.0000
8.8943,-0.2660,2.1158,0.0000
8.8808,-0.2441,2.1277,0.0000
8.8672,-0.2225,2.1399,0.0000
8.8535,-0.2013,2.1523,0.0000
8.8395,-0.1803,2.1647,0.0000
8.8253,-0.1595,2.1773,0.0000
8.8108,-0.1390,2.1898,0.0000
8.7962,-0.1187,2.2025,0.0000
8.7813,-0.0986,2.2151,0.0000
8.7661,-0.0787,2.2278,0.0000
8.7508,-0.0590,2.2405,0.0000
8.7352,-0.0396,2.2533,0.0000
8.7193,-0.0203,2.2660,0.0000
8.7032,-0.0013,2.2788,0.0000
8.6869,0.0175,2.2916,0.0000
8.6704,0.0361,2.3043,0.0000
8.6536,0.0545,2.3171,0.0000
8.6366,0.0727,2.3299,0.0000
8.6193,0.0906,2.3426,0.0000
8.6018,0.1084,2.3554,0.0000
8.5840,0.1259,2.3681,0.0000
8.5661,0.1433,2.3808,0.0000
8.5478,0.1604,2.3935,0.0000
8.5294,0.1774,2.4061,0.0000
8.5106,0.1941,2.4187,0.0000
8.4917,0.2106,2.4312,0.0000
8.4725,0.2269,2.4437,0.0000
8.4530,0.2430,2.4561,0.0000
8.4333,0.2589,2.4684,0.0000
8.4133,0.2747,2.4807,0.0000
8.3931,0.2902,2.4930,0.0000
8.3727,0.3055,2.5051,0.0000
8.3520,0.3206,2.5172,0.0000
8.3310,0.3355,2.5292,0.0000
8.3098,0.3502,2.5411,0.0000
8.2883,0.3648,2.5529,0.0000
8.2666,0.3791,2.5646,0.0000
8.2446,0.3932,2.5762,0.0000
8.2223,0.4072,2.5877,0.0000
8.1998,0.4209,2.5991,0.0000
8.1771,0.4345,2.6104,0.0000
8.1540,0.4478,2.6216,0.0000
8.1307,0.4610,2.6327,0.0000
8.1071,0.4740,2.6437,0.0000
8.0833,0.4868,2.6545,0.0000
8.0592,0.4994,2.6652,0.0000
8.0348,0.5118,2.6758,0.0000
8.0102,0.5240,2.6863,0.0000
7.9853,0.5360,2.6966,0.0000
7.9601,0.5479,2.7068,0.0000
7.9346,0.5596,2.7169,0.0000
7.9089,0.5710,2.7268,0.0000
7.8828,0.5824,2.7366,0.0000
7.8565,0.5935,2.7463,0.0000
7.8300,0.6044,2.7559,0.0000
7.8031,0.6152,2.7653,0.0000
7.7759,0.6258,2.7745,0.0000
7.7485,0.6362,2.7836,0.0000
7.7208,0.6464,2.7926,0.0000
7.6928,0.6565,2.8015,0.0000
7.6644,0.6663,2.8102,0.0000
7.6358,0.6760,2.8187,0.0000
7.6069,0.6856,2.8271,0.0000
7.5778,0.6949,2.8354,0.0000
7.5483,0.7041,2.8435,0.0000
7.5185,0.7132,2.8515,0.0000
7.4884,0.7220,2.8593,0.0000
7.4580,0.7307,2.8670,0.0000
7.4272,0.7392,2.8746,0.0000
7.3962,0.7476,2.8820,0.0000
7.3649,0.7558,2.8893,0.0000
7.3332,0.7638,2.8964,0.0000
7.3012,0.7717,2.9034,0.0000
7.2689,0.7794,2.9102,0.0000
7.2363,0.7870,2.9169,0.0000
7.2033,0.7944,2.9235,0.0000
7.1700,0.8017,2.9299,0.0000
7.1364,0.8088,2.9362,0.0000
7.1024,0.8158,2.9423,0.0000
7.0681,0.8226,2.9483,0.0000
7.0335,0.8293,2.9542,0.0000
6.9984,0.8358,2.9599,0.0000
6.9631,0.8422,2.9655,0.0000
6.9273,0.8485,2.9709,0.0000
6.8912,0.8546,2.9762,0.0000
6.8547,0.8606,2.9814,0.0000
6.8178,0.8665,2.9864,0.0000
6.7805,0.8722,2.9913,0.0000
6.7429,0.8778,2.9961,0.0000
6.7048,0.8833,3.0007,0.0000
6.6663,0.8887,3.0051,0.0000
6.6273,0.8939,3.0095,0.0000
6.5880,0.8991,3.0137,0.0000
6.5481,0.9041,3.0178,0.0000
6.5078,0.9091,3.0217,0.0000
6.4671,0.9139,3.0255,0.0000
6.4258,0.9186,3.0291,0.0000
6.3840,0.9233,3.0326,0.0000
6.3417,0.9278,3.0360,0.0000
6.2989,0.9323,3.0392,0.0000
6.2554,0.9367,3.0423,0.0000
6.2114,0.9410,3.0453,0.0000
6.1667,0.9453,3.0480,0.0000
6.1214,0.9495,3.0507,0.0000
6.0753,0.9536,3.0532,0.0000
6.0285,0.9577,3.0555,0.0000
5.9809,0.9617,3.0577,0.0000
5.9324,0.9658,3.0598,0.0000
5.8829,0.9698,3.0616,0.0000
5.8324,0.9738,3.0633,0.0000
5.7808,0.9778,3.0649,0.0000
5.7278,0.9818,3.0662,0.0000
5.6732,0.9859,3.0674,0.0000
5.6169,0.9901,3.0683,0.0000
5.5582,0.9944,3.0690,0.0000
5.4963,0.9988,3.0695,0.0000
5.4291,1.0037,3.0698,0.0000
5.3592,1.0087,3.0696,0.0000
5.2961,1.0133,3.0692,0.0000
5.2365,1.0176,3.0686,0.0000
5.1793,1.0218,3.0677,0.0000
5.1240,1.0260,3.0666,0.0000
5.0702,1.0300,3.0654,0.0000
5.0177,1.0341,3.0640,0.0000
4.9663,1.0381,3.0624,0.0000
4.9160,1.0421,3.0607,0.0000
4.8665,1.0462,3.0588,0.0000
4.8179,1.0503,3.0568,0.0000
4.7700,1.0544,3.0547,0.0000
4.7228,1.0586,3.0524,0.0000
4.6763,1.0628,3.0500,0.0000
4.6304,1.0671,3.0475,0.0000
4.5850,1.0714,3.0448,0.0000
4.5402,1.0758,3.0421,0.0000
4.4959,1.0803,3.0392,0.0000
4.4521,1.0849,3.0362,0.0000
4.4088,1.0895,3.0331,0.0000
4.3659,1.0943,3.0299,0.0000
4.3235,1.0991,3.0265,0.0000
4.2815,1.1040,3.0231,0.0000
4.2398,1.1091,3.0196,0.0000
4.1986,1.1142,3.0159,0.0000
4.1577,1.1194,3.0122,0.0000
4.1172,1.1248,3.0083,0.0000
4.0771,1.1302,3.0044,0.0000
4.0373,1.1358,3.0003,0.0000
3.9978,1.1415,2.9962,0.0000
3.9587,1.1473,2.9919,0.0000
3.9197,1.1533,2.9876,0.0000
3.8806,1.1595,2.9834,0.0000
3.8412,1.1658,2.9793,0.0000
3.8017,1.1724,2.9752,0.0000
3.7620,1.1791,2.9711,0.0000
3.7221,1.1861,2.9672,0.0000
3.6820,1.1932,2.9633,0.0000
3.6416,1.2006,2.9595,0.0000
3.6011,1.2081,2.9558,0.0000
3.5603,1.2159,2.9521,0.0000
3.5193,1.2238,2.9485,0.0000
3.4780,1.2319,2.9450,0.0000
3.4365,1.2403,2.9416,0.0000
3.3946,1.2488,2.9383,0.0000
3.3525,1.2576,2.9351,0.0000
3.3101,1.2666,2.9319,0.0000
3.2673,1.2757,2.9288,0.0000
3.2242,1.2851,2.9258,0.0000
3.1808,1.2947,2.9230,0.0000
3.1369,1.3045,2.9202,0.0000
3.0927,1.3145,2.9175,0.0000
3.0480,1.3248,2.9149,0.0000
3.0029,1.3352,2.9124,0.0000
2.9572,1.3459,2.9101,0.0000
2.9110,1.3569,2.9078,0.0000
2.8642,1.3681,2.9057,0.0000
2.8168,1.3795,2.9037,0.0000
2.7687,1.3913,2.9018,0.0000
2.7198,1.4033,2.9000,0.0000
2.6700,1.4156,2.8984,0.0000
2.6192,1.4282,2.8970,0.0000
2.5673,1.4412,2.8957,0.0000
2.5140,1.4546,2.8946,0.0000
2.4591,1.4685,2.8936,0.0000
2.4021,1.4829,2.8929,0.0000
2.3422,1.4982,2.8924,0.0000
2.2774,1.5147,2.8921,0.0000
2.2091,1.5321,2.8923,0.0000
2.1477,1.5477,2.8927,0.0000
2.0899,1.5624,2.8933,0.0000
2.0345,1.5764,2.8942,0.0000
1.9811,1.5898,2.8953,0.0000
1.9292,1.6028,2.8966,0.0000
1.8787,1.6154,2.8981,0.0000
1.8294,1.6276,2.8998,0.0000
1.7811,1.6395,2.9016,0.0000
1.7337,1.6510,2.9037,0.0000
1.6872,1.6623,2.9058,0.0000
1.6414,1.6732,2.9082,0.0000
1.5964,1.6838,2.9107,0.0000
1.5521,1.6942,2.9133,0.0000
1.5083,1.7043,2.9161,0.0000
1.4652,1.7142,2.9190,0.0000
1.4226,1.7237,2.9221,0.0000
1.3805,1.7330,2.9253,0.0000
1.3389,1.7421,2.9287,0.0000
1.2977,1.7509,2.9322,0.0000
1.2571,1.7595,2.9359,0.0000
1.2168,1.7678,2.9396,0.0000
1.1769,1.7759,2.9435,0.0000
1.1375,1.7837,2.9476,0.0000
1.0984,1.7913,2.9517,0.0000
1.0597,1.7987,2.9560,0.0000
1.0213,1.8058,2.9605,0.0000
0.9833,1.8127,2.9650,0.0000
0.9455,1.8193,2.9697,0.0000
0.9081,1.8257,2.9745,0.0000
0.8710,1.8319,2.9794,0.0000
0.8342,1.8378,2.9845,0.0000
0.7977,1.8435,2.9896,0.0000
0.7615,1.8490,2.9949,0.0000
0.7255,1.8542,3.0004,0.0000
0.6898,1.8591,3.0059,0.0000
0.6543,1.8639,3.0116,0.0000
0.6191,1.8684,3.0173,0.0000
0.5842,1.8726,3.0232,0.0000
0.5494,1.8767,3.0292,0.0000
0.5149,1.8805,3.0354,0.0000
0.4807,1.8840,3.0416,0.0000
0.4466,1.8873,3.0480,0.0000
0.4128,1.8904,3.0544,0.0000
0.3791,1.8932,3.0610,0.0000
0.3457,1.8958,3.0677,0.0000
0.3125,1.8981,3.0745,0.0000
0.2795,1.9002,3.0814,0.0000
0.2467,1.9021,3.0884,0.0000
0.2140,1.9037,3.0955,0.0000
0.1816,1.9051,3.1028,0.0000
0.1493,1.9062,3.1101,0.0000
0.1172,1.9071,3.1175,0.0000
0.0853,1.9078,3.1250,0.0000
0.0536,1.9082,3.1327,0.0000
0.0220,1.9084,3.1404,0.0000
-0.0094,1.9083,-3.1350,0.0000
-0.0406,1.9079,-3.1270,0.0000
-0.0717,1.9074,-3.1190,0.0000
-0.1026,1.9065,-3.1109,0.0000
-0.1334,1.9055,-3.1027,0.0000
-0.1640,1.9041,-3.0944,0.0000
-0.1945,1.9026,-3.0861,0.0000
-0.2248,1.9008,-3.0776,0.0000
-0.2549,1.8987,-3.0691,0.0000
-0.2850,1.8964,-3.0605,0.0000
-0.3148,1.8938,-3.0518,0.0000
-0.3446,1.8910,-3.0430,0.0000
-0.3742,1.8880,-3.0342,0.0000
-0.4036,1.8847,-3.0252,0.0000
-0.4330,1.8811,-3.0163,0.0000
-0.4622,1.8773,-3.0072,0.0000
-0.4913,1.8732,-2.9981,0.0000
-0.5202,1.8689,-2.9889,0.0000
-0.5490,1.8643,-2.9797,0.0000
-0.5777,1.8595,-2.9704,0.0000
-0.6063,1.8544,-2.9611,0.0000
-0.6348,1.8491,-2.9517,0.0000
-0.6631,1.8435,-2.9422,0.0000
-0.6913,1.8377,-2.9327,0.0000
-0.7194,1.8316,-2.9232,0.0000
-0.7474,1.8252,-2.9136,0.0000
-0.7753,1.8186,-2.9040,0.0000
-0.8031,1.8117,-2.8944,0.0000
-0.8307,1.8046,-2.8847,0.0000
-0.8583,1.7972,-2.8750,0.0000
-0.8857,1.7896,-2.8653,0.0000
-0.9131,1.7817,-2.8556,0.0000
-0.9403,1.7735,-2.8458,0.0000
-0.9675,1.7651,-2.8360,0.0000
-0.9945,1.7565,-2.8262,0.0000
-1.0214,1.7475,-2.8164,0.0000
-1.0483,1.7383,-2.8066,0.0000
-1.0750,1.7289,-2.7968,0.0000
-1.1017,1.7191,-2.7870,0.0000
-1.1282,1.7092,-2.7772,0.0000
-1.1547,1.6989,-2.7674,0.0000
-1.1811,1.6884,-2.7576,0.0000
-1.2073,1.6776,-2.7478,0.0000
-1.2335,1.6666,-2.7380,0.0000
-1.2596,1.6553,-2.7282,0.0000
-1.2856,1.6438,-2.7185,0.0000
-1.3116,1.6319,-2.7088,0.0000
-1.3374,1.6198,-2.6991,0.0000
-1.3632,1.6075,-2.6894,0.0000
-1.3888,1.5949,-2.6798,0.0000
-1.4144,1.5820,-2.6702,0.0000
-1.4399,1.5688,-2.6606,0.0000
-1.4653,1.5554,-2.6511,0.0000
-1.4907,1.5417,-2.6416,0.0000
-1.5159,1.5278,-2.6321,0.0000
-1.5411,1.5135,-2.6227,0.0000
-1.5662,1.4990,-2.6133,0.0000
-1.5912,1.4843,-2.6040,0.0000
-1.6162,1.4692,-2.5947,0.0000
-1.6411,1.4539,-2.5855,0.0000
-1.6659,1.4384,-2.5763,0.0000
-1.6906,1.4225,-2.5672,0.0000
-1.7152,1.4064,-2.5582,0.0000
-1.7398,1.3901,-2.5492,0.0000
-1.7643,1.3734,-2.5402,0.0000
-1.7887,1.3565,-2.5314,0.0000
-1.8131,1.3393,-2.5225,0.0000
-1.8373,1.3218,-2.5138,0.0000
-1.8615,1.3042,-2.5051,0.0000
-1.8853,1.2864,-2.4962,0.0000
-1.9089,1.2684,-2.4873,0.0000
-1.9322,1.2504,-2.4782,0.0000
-1.9551,1.2323,-2.4690,0.0000
-1.9777,1.2142,-2.4597,0.0000
-2.0000,1.1959,-2.4501,0.0000
-2.0218,1.1776,-2.4404,0.0000
-2.0433,1.1593,-2.4305,0.0000
-2.0644,1.1409,-2.4204,0.0000
-2.0851,1.1226,-2.4101,0.0000
-2.1054,1.1042,-2.3995,0.0000
-2.1252,1.0858,-2.3887,0.0000
-2.1447,1.0674,-2.3776,0.0000
-2.1636,1.0490,-2.3662,0.0000
-2.1821,1.0307,-2.3545,0.0000
-2.2002,1.0123,-2.3425,0.0000
-2.2178,0.9940,-2.3302,0.0000
-2.2349,0.9758,-2.3175,0.0000
-2.2515,0.9576,-2.3045,0.0000
-2.2676,0.9394,-2.2911,0.0000
-2.2833,0.9214,-2.2773,0.0000
-2.2984,0.9033,-2.2631,0.0000
-2.3131,0.8854,-2.2484,0.0000
-2.3272,0.8676,-2.2333,0.0000
-2.3409,0.8498,-2.2178,0.0000
-2.3540,0.8321,-2.2018,0.0000
-2.3666,0.8145,-2.1852,0.0000
-2.3787,0.7971,-2.1681,0.0000
-2.3903,0.7797,-2.1505,0.0000
-2.4014,0.7624,-2.1324,0.0000
-2.4120,0.7453,-2.1137,0.0000
-2.4220,0.7283,-2.0943,0.0000
-2.4316,0.7114,-2.0744,0.0000
-2.4406,0.6946,-2.0539,0.0000
-2.4491,0.6780,-2.0327,0.0000
-2.4571,0.6615,-2.0108,0.0000
-2.4646,0.6451,-1.9883,0.0000
-2.4716,0.6288,-1.9652,0.0000
-2.4780,0.6127,-1.9413,0.0000
-2.4840,0.5968,-1.9168,0.0000
-2.4895,0.5810,-1.8916,0.0000
-2.4945,0.5653,-1.8657,0.0000
-2.4990,0.5498,-1.8391,0.0000
-2.5030,0.5344,-1.8118,0.0000
-2.5065,0.5191,-1.7839,0.0000
-2.5096,0.5040,-1.7553,0.0000
-2.5121,0.4890,-1.7261,0.0000
-2.5142,0.4742,-1.6963,0.0000
-2.5158,0.4595,-1.6659,0.0000
-2.5170,0.4450,-1.6349,0.0000
-2.5177,0.4305,-1.6035,0.0000
-2.5180,0.4162,-1.5716,0.0000
-2.5177,0.4021,-1.5392,0.0000
-2.5171,0.3881,-1.5065,0.0000
-2.5159,0.3741,-1.4734,0.0000
-2.5144,0.3604,-1.4401,0.0000
-2.5123,0.3467,-1.4066,0.0000
-2.5098,0.3331,-1.3730,0.0000
-2.5069,0.3197,-1.3393,0.0000
-2.5035,0.3064,-1.3056,0.0000
-2.4997,0.2931,-1.2719,0.0000
-2.4954,0.2800,-1.2383,0.0000
-2.4907,0.2670,-1.2050,0.0000
-2.4855,0.2541,-1.1718,0.0000
-2.4798,0.2412,-1.1390,0.0000
-2.4736,0.2284,-1.1070,0.0000
-2.4669,0.2155,-1.0759,0.0000
-2.4597,0.2025,-1.0457,0.0000
-2.4519,0.1895,-1.0164,0.0000
-2.4435,0.1764,-0.9881,0.0000
-2.4347,0.1634,-0.9606,0.0000
-2.4252,0.1502,-0.9340,0.0000
-2.4152,0.1371,-0.9082,0.0000
-2.4047,0.1239,-0.8833,0.0000
-2.3936,0.1107,-0.8592,0.0000
-2.3819,0.0976,-0.8358,0.0000
-2.3697,0.0844,-0.8132,0.0000
-2.3570,0.0712,-0.7914,0.0000
-2.3437,0.0580,-0.7702,0.0000
-2.3299,0.0449,-0.7497,0.0000
-2.3155,0.0318,-0.7298,0.0000
-2.3007,0.0187,-0.7106,0.0000
-2.2853,0.0057,-0.6919,0.0000
-2.2693,-0.0072,-0.6737,0.0000
-2.2529,-0.0201,-0.6561,0.0000
-2.2360,-0.0328,-0.6389,0.0000
-2.2186,-0.0455,-0.6222,0.0000
-2.2008,-0.0581,-0.6059,0.0000
-2.1825,-0.0706,-0.5900,0.0000
-2.1638,-0.0829,-0.5745,0.0000
-2.1446,-0.0951,-0.5594,0.0000
-2.1250,-0.1072,-0.5445,0.0000
-2.1051,-0.1191,-0.5300,0.0000
-2.0847,-0.1308,-0.5157,0.0000
-2.0640,-0.1423,-0.5016,0.0000
-2.0430,-0.1536,-0.4878,0.0000
-2.0217,-0.1648,-0.4742,0.0000
-2.0000,-0.1757,-0.4607,0.0000
-1.9781,-0.1864,-0.4474,0.0000
-1.9560,-0.1968,-0.4342,0.0000
-1.9336,-0.2070,-0.4211,0.0000
-1.9110,-0.2170,-0.4081,0.0000
-1.8883,-0.2266,-0.3952,0.0000
-1.8654,-0.2360,-0.3822,0.0000
-1.8423,-0.2451,-0.3693,0.0000
-1.8192,-0.2539,-0.3564,0.0000
-1.7960,-0.2624,-0.3434,0.0000
-1.7726,-0.2706,-0.3305,0.0000
-1.7491,-0.2784,-0.3176,0.0000
-1.7255,-0.2861,-0.3048,0.0000
-1.7017,-0.2934,-0.2920,0.0000
-1.6777,-0.3004,-0.2793,0.0000
-1.6536,-0.3072,-0.2667,0.0000
-1.6293,-0.3136,-0.2542,0.0000
-1.6048,-0.3198,-0.2417,0.0000
-1.5802,-0.3258,-0.2293,0.0000
-1.5554,-0.3314,-0.2171,0.0000
-1.5304,-0.3367,-0.2049,0.0000
-1.5053,-0.3418,-0.1929,0.0000
-1.4799,-0.3466,-0.1809,0.0000
-1.4544,-0.3511,-0.1691,0.0000
-1.4287,-0.3553,-0.1574,0.0000
-1.4028,-0.3593,-0.1459,0.0000
-1.3767,-0.3630,-0.1345,0.0000
-1.3504,-0.3664,-0.1232,0.0000
-1.3239,-0.3695,-0.1121,0.0000
-1.2971,-0.3724,-0.1011,0.0000
-1.2702,-0.3750,-0.0903,0.0000
-1.2430,-0.3773,-0.0796,0.0000
-1.2156,-0.3793,-0.0691,0.0000
-1.1880,-0.3811,-0.0588,0.0000
-1.1601,-0.3826,-0.0486,0.0000
-1.1319,-0.3838,-0.0387,0.0000
-1.1036,-0.3848,-0.0289,0.0000
-1.0749,-0.3855,-0.0193,0.0000
-1.0460,-0.3859,-0.0099,0.0000
-1.0167,-0.3860,-0.0007,0.0000
-0.9872,-0.3859,0.0083,0.0000
-0.9574,-0.3855,0.0171,0.0000
-0.9272,-0.3849,0.0257,0.0000
-0.8967,-0.3840,0.0340,0.0000
-0.8658,-0.3828,0.0422,0.0000
-0.8346,-0.3814,0.0501,0.0000
-0.8030,-0.3797,0.0578,0.0000
-0.7710,-0.3777,0.0652,0.0000
-0.7385,-0.3754,0.0724,0.0000
-0.7055,-0.3729,0.0793,0.0000
-0.6721,-0.3702,0.0860,0.0000
-0.6381,-0.3671,0.0924,0.0000
-0.6035,-0.3638,0.0985,0.0000
-0.5683,-0.3602,0.1043,0.0000
-0.5324,-0.3564,0.1098,0.0000
-0.4957,-0.3522,0.1150,0.0000
-0.4581,-0.3478,0.1198,0.0000
-0.4195,-0.3431,0.1243,0.0000
-0.3798,-0.3380,0.1284,0.0000
-0.3387,-0.3326,0.1321,0.0000
-0.2960,-0.3269,0.1353,0.0000
-0.2511,-0.3207,0.1380,0.0000
-0.2034,-0.3140,0.1401,0.0000
-0.1509,-0.3066,0.1415,0.0000
-0.0879,-0.2976,0.1419,0.0000
-0.0315,-0.2895,0.1409,0.0000
0.0179,-0.2826,0.1391,0.0000
0.0635,-0.2763,0.1365,0.0000
0.1064,-0.2704,0.1334,0.0000
0.1472,-0.2650,0.1296,0.0000
0.1864,-0.2600,0.1253,0.0000
0.2241,-0.2553,0.1206,0.0000
0.2606,-0.2510,0.1153,0.0000
0.2960,-0.2470,0.1096,0.0000
0.3305,-0.2433,0.1034,0.0000
0.3640,-0.2400,0.0968,0.0000
0.3967,-0.2369,0.0898,0.0000
0.4287,-0.2341,0.0824,0.0000
0.4600,-0.2317,0.0746,0.0000
0.4907,-0.2295,0.0663,0.0000
0.5207,-0.2276,0.0577,0.0000
0.5501,-0.2261,0.0486,0.0000
0.5790,-0.2248,0.0392,0.0000
0.6074,-0.2238,0.0294,0.0000
0.6352,-0.2231,0.0192,0.0000
0.6626,-0.2228,0.0087,0.0000
0.6895,-0.2227,-0.0023,0.0000
0.7160,-0.2229,-0.0136,0.0000
0.7421,-0.2234,-0.0253,0.0000
0.7679,-0.2242,-0.0372,0.0000
0.7937,-0.2253,-0.0491,0.0000
0.8196,-0.2267,-0.0608,0.0000
0.8457,-0.2285,-0.0725,0.0000
0.8719,-0.2305,-0.0840,0.0000
0.8982,-0.2329,-0.0953,0.0000
0.9247,-0.2356,-0.1065,0.0000
0.9514,-0.2386,-0.1175,0.0000
0.9783,-0.2419,-0.1283,0.0000
1.0054,-0.2456,-0.1389,0.0000
1.0328,-0.2495,-0.1492,0.0000
1.0605,-0.2538,-0.1593,0.0000
1.0885,-0.2585,-0.1691,0.0000
1.1168,-0.2635,-0.1786,0.0000
1.1455,-0.2688,-0.1878,0.0000
1.1747,-0.2745,-0.1967,0.0000
1.2044,-0.2805,-0.2052,0.0000
1.2346,-0.2869,-0.2134,0.0000
1.2654,-0.2937,-0.2211,0.0000
1.2970,-0.3009,-0.2284,0.0000
1.3293,-0.3086,-0.2352,0.0000
1.3626,-0.3167,-0.2415,0.0000
1.3970,-0.3252,-0.2474,0.0000
1.4327,-0.3344,-0.2526,0.0000
1.4699,-0.3441,-0.2572,0.0000
1.5093,-0.3545,-0.2611,0.0000
1.5514,-0.3658,-0.2642,0.0000
1.5977,-0.3784,-0.2664,0.0000
1.6534,-0.3937,-0.2673,0.0000
1.7098,-0.4091,-0.2664,0.0000
1.7568,-0.4219,-0.2644,0.0000
1.7999,-0.4335,-0.2615,0.0000
1.8404,-0.4442,-0.2580,0.0000
1.8792,-0.4544,-0.2539,0.0000
1.9166,-0.4640,-0.2493,0.0000
1.9529,-0.4731,-0.2443,0.0000
1.9883,-0.4819,-0.2389,0.0000
2.0229,-0.4902,-0.2332,0.0000
2.0570,-0.4982,-0.2272,0.0000
2.0905,-0.5058,-0.2210,0.0000
2.1236,-0.5131,-0.2144,0.0000
2.1562,-0.5201,-0.2077,0.0000
2.1886,-0.5268,-0.2008,0.0000
2.2212,-0.5334,-0.1939,0.0000
2.2544,-0.5398,-0.1874,0.0000
2.2881,-0.5460,-0.1811,0.0000
2.3223,-0.5522,-0.1750,0.0000
2.3572,-0.5583,-0.1692,0.0000
2.3926,-0.5642,-0.1636,0.0000
2.4286,-0.5701,-0.1582,0.0000
2.4653,-0.5758,-0.1531,0.0000
2.5025,-0.5815,-0.1482,0.0000
2.5404,-0.5870,-0.1435,0.0000
2.5790,-0.5925,-0.1390,0.0000
2.6182,-0.5979,-0.1348,0.0000
2.6582,-0.6032,-0.1308,0.0000
2.6989,-0.6085,-0.1270,0.0000
2.7404,-0.6137,-0.1234,0.0000
2.7828,-0.6189,-0.1201,0.0000
2.8260,-0.6241,-0.1170,0.0000
2.8702,-0.6292,-0.1141,0.0000
2.9155,-0.6343,-0.1115,0.0000
2.9618,-0.6395,-0.1090,0.0000
3.0094,-0.6446,-0.1069,0.0000
3.0585,-0.6498,-0.1050,0.0000
3.1092,-0.6551,-0.1033,0.0000
3.1620,-0.6606,-0.1019,0.0000
3.2173,-0.6662,-0.1009,0.0000
3.2761,-0.6721,-0.1002,0.0000
3.3416,-0.6787,-0.0999,0.0000
3.4088,-0.6854,-0.1001,0.0000
3.4683,-0.6914,-0.1008,0.0000
3.5240,-0.6971,-0.1018,0.0000
3.5772,-0.7026,-0.1031,0.0000
3.6284,-0.7079,-0.1047,0.0000
3.6779,-0.7131,-0.1065,0.0000
3.7260,-0.7183,-0.1086,0.0000
3.7728,-0.7235,-0.1109,0.0000
3.8186,-0.7286,-0.1134,0.0000
3.8633,-0.7338,-0.1162,0.0000
3.9071,-0.7390,-0.1192,0.0000
3.9501,-0.7442,-0.1224,0.0000
3.9923,-0.7494,-0.1257,0.0000
4.0337,-0.7548,-0.1293,0.0000
4.0744,-0.7601,-0.1331,0.0000
4.1144,-0.7656,-0.1371,0.0000
4.1538,-0.7711,-0.1413,0.0000
4.1925,-0.7767,-0.1457,0.0000
4.2307,-0.7824,-0.1503,0.0000
4.2682,-0.7881,-0.1551,0.0000
4.3052,-0.7940,-0.1600,0.0000
4.3416,-0.8000,-0.1652,0.0000
4.3775,-0.8061,-0.1706,0.0000
4.4128,-0.8123,-0.1763,0.0000
4.4477,-0.8186,-0.1821,0.0000
4.4820,-0.8250,-0.1881,0.0000
4.5158,-0.8315,-0.1944,0.0000
4.5491,-0.8382,-0.2008,0.0000
4.5819,-0.8450,-0.2075,0.0000
4.6143,-0.8519,-0.2144,0.0000
4.6462,-0.8590,-0.2216,0.0000
4.6776,-0.8662,-0.2289,0.0000
4.7085,-0.8735,-0.2365,0.0000
4.7390,-0.8810,-0.2444,0.0000
4.7690,-0.8886,-0.2525,0.0000
4.7985,-0.8963,-0.2608,0.0000
4.8276,-0.9042,-0.2694,0.0000
4.8563,-0.9123,-0.2782,0.0000
4.8845,-0.9205,-0.2873,0.0000
4.9122,-0.9288,-0.2967,0.0000
4.9395,-0.9373,-0.3064,0.0000
4.9664,-0.9460,-0.3163,0.0000
4.9928,-0.9548,-0.3265,0.0000
5.0188,-0.9637,-0.3369,0.0000
5.0444,-0.9728,-0.3477,0.0000
5.0695,-0.9821,-0.3588,0.0000
5.0942,-0.9915,-0.3701,0.0000
5.1185,-1.0011,-0.3818,0.0000
5.1423,-1.0108,-0.3938,0.0000
5.1658,-1.0207,-0.4060,0.0000
5.1887,-1.0308,-0.4186,0.0000
5.2113,-1.0410,-0.4315,0.0000
5.2335,-1.0514,-0.4447,0.0000
5.2552,-1.0619,-0.4583,0.0000
5.2765,-1.0726,-0.4722,0.0000
5.2974,-1.0835,-0.4864,0.0000
5.3179,-1.0945,-0.5009,0.0000
5.3380,-1.1057,-0.5157,0.0000
5.3576,-1.1170,-0.5309,0.0000
5.3769,-1.1285,-0.5464,0.0000
5.3957,-1.1402,-0.5623,0.0000
5.4142,-1.1520,-0.5785,0.0000
5.4322,-1.1640,-0.5950,0.0000
5.4498,-1.1762,-0.6118,0.0000
5.4671,-1.1885,-0.6290,0.0000
5.4839,-1.2009,-0.6465,0.0000
5.5004,-1.2136,-0.6643,0.0000
5.5164,-1.2264,-0.6824,0.0000
5.5321,-1.2394,-0.7008,0.0000
5.5474,-1.2525,-0.7195,0.0000
5.5623,-1.2658,-0.7385,0.0000
5.5768,-1.2793,-0.7577,0.0000
5.5909,-1.2929,-0.7773,0.0000
5.6047,-1.3067,-0.7970,0.0000
5.6181,-1.3207,-0.8171,0.0000
5.6311,-1.3348,-0.8373,0.0000
5.6437,-1.3492,-0.8578,0.0000
5.6560,-1.3636,-0.8784,0.0000
5.6679,-1.3783,-0.8993,0.0000
5.6794,-1.3931,-0.9203,0.0000
5.6906,-1.4081,-0.9415,0.0000
5.7014,-1.4233,-0.9627,0.0000
5.7118,-1.4387,-0.9842,0.0000
5.7219,-1.4542,-1.0056,0.0000
5.7317,-1.4699,-1.0272,0.0000
5.7410,-1.4858,-1.0488,0.0000
5.7500,-1.5019,-1.0705,0.0000
5.7587,-1.5182,-1.0921,0.0000
5.7670,-1.5346,-1.1138,0.0000
5.7750,-1.5513,-1.1354,0.0000
5.7826,-1.5681,-1.1570,0.0000
5.7899,-1.5851,-1.1785,0.0000
5.7968,-1.6024,-1.1999,0.0000
5.8033,-1.6198,-1.2212,0.0000
5.8096,-1.6374,-1.2424,0.0000
5.8154,-1.6553,-1.2635,0.0000
5.8209,-1.6733,-1.2844,0.0000
5.8261,-1.6915,-1.3051,0.0000
5.8309,-1.7100,-1.3256,0.0000
5.8354,-1.7286,-1.3459,0.0000
5.8395,-1.7475,-1.3660,0.0000
5.8433,-1.7666,-1.3858,0.0000
5.8467,-1.7859,-1.4054,0.0000
5.8497,-1.8054,-1.4248,0.0000
5.8525,-1.8251,-1.4439,0.0000
5.8548,-1.8451,-1.4626,0.0000
5.8568,-1.8653,-1.4810,0.0000
5.8585,-1.8858,-1.4992,0.0000
5.8598,-1.9064,-1.5171,0.0000
5.8607,-1.9272,-1.5347,0.0000
5.8613,-1.9482,-1.5522,0.0000
5.8615,-1.9693,-1.5695,0.0000
5.8613,-1.9905,-1.5867,0.0000
5.8608,-2.0117,-1.6038,0.0000
5.8599,-2.0330,-1.6208,0.0000
5.8587,-2.0543,-1.6377,0.0000
5.8571,-2.0755,-1.6547,0.0000
5.8551,-2.0968,-1.6717,0.0000
5.8528,-2.1180,-1.6887,0.0000
5.8501,-2.1391,-1.7057,0.0000
5.8471,-2.1601,-1.7228,0.0000
5.8437,-2.1809,-1.7401,0.0000
5.8400,-2.2016,-1.7574,0.0000
5.8359,-2.2222,-1.7749,0.0000
5.8315,-2.2425,-1.7926,0.0000
5.8268,-2.2627,-1.8105,0.0000
5.8217,-2.2826,-1.8285,0.0000
5.8163,-2.3023,-1.8468,0.0000
5.8106,-2.3218,-1.8654,0.0000
5.8046,-2.3409,-1.8842,0.0000
5.7983,-2.3598,-1.9033,0.0000
5.7917,-2.3784,-1.9227,0.0000
5.7848,-2.3967,-1.9424,0.0000
5.7776,-2.4146,-1.9624,0.0000
5.7701,-2.4322,-1.9828,0.0000
5.7623,-2.4495,-2.0035,0.0000
5.7543,-2.4664,-2.0246,0.0000
5.7460,-2.4830,-2.0461,0.0000
5.7374,-2.4992,-2.0680,0.0000
5.7286,-2.5150,-2.0903,0.0000
5.7195,-2.5305,-2.1130,0.0000
5.7102,-2.5455,-2.1361,0.0000
5.7007,-2.5602,-2.1596,0.0000
5.6909,-2.5744,-2.1836,0.0000
5.6809,-2.5883,-2.2080,0.0000
5.6707,-2.6018,-2.2328,0.0000
5.6602,-2.6148,-2.2581,0.0000
5.6496,-2.6275,-2.2838,0.0000
5.6387,-2.6397,-2.3099,0.0000
5.6276,-2.6516,-2.3364,0.0000
5.6164,-2.6630,-2.3633,0.0000
5.6049,-2.6740,-2.3906,0.0000
5.5932,-2.6846,-2.4182,0.0000
5.5814,-2.6948,-2.4462,0.0000
5.5693,-2.7045,-2.4745,0.0000
5.5571,-2.7139,-2.5031,0.0000
5.5447,-2.7228,-2.5320,0.0000
5.5321,-2.7314,-2.5611,0.0000
5.5193,-2.7395,-2.5905,0.0000
5.5063,-2.7472,-2.6198,0.0000
5.4929,-2.7546,-2.6488,0.0000
5.4792,-2.7617,-2.6773,0.0000
5.4651,-2.7686,-2.7052,0.0000
5.4507,-2.7751,-2.7326,0.0000
5.4358,-2.7813,-2.7594,0.0000
5.4206,-2.7872,-2.7856,0.0000
5.4049,-2.7927,-2.8111,0.0000
5.3889,-2.7980,-2.8360,0.0000
5.3724,-2.8030,-2.8602,0.0000
5.3555,-2.8077,-2.8837,0.0000
5.3382,-2.8120,-2.9065,0.0000
5.3205,-2.8161,-2.9286,0.0000
5.3023,-2.8198,-2.9501,0.0000
5.2837,-2.8232,-2.9708,0.0000
5.2646,-2.8263,-2.9908,0.0000
5.2450,-2.8291,-3.0101,0.0000
5.2250,-2.8315,-3.0288,0.0000
5.2044,-2.8337,-3.0467,0.0000
5.1834,-2.8355,-3.0640,0.0000
5.1619,-2.8370,-3.0806,0.0000
5.1398,-2.8381,-3.0965,0.0000
5.1172,-2.8390,-3.1118,0.0000
5.0940,-2.8395,-3.1265,0.0000
5.0703,-2.8397,-3.1405,0.0000
5.0460,-2.8396,3.1293,0.0000
5.0211,-2.8391,3.1165,0.0000
4.9956,-2.8383,3.1044,0.0000
4.9694,-2.8372,3.0928,0.0000
4.9426,-2.8357,3.0818,0.0000
4.9150,-2.8339,3.0714,0.0000
4.8867,-2.8318,3.0617,0.0000
4.8575,-2.8293,3.0525,0.0000
4.8275,-2.8265,3.0439,0.0000
4.7966,-2.8233,3.0359,0.0000
4.7646,-2.8198,3.0285,0.0000
4.7315,-2.8159,3.0217,0.0000
4.6970,-2.8117,3.0156,0.0000
4.6610,-2.8070,3.0101,0.0000
4.6231,-2.8019,3.0054,0.0000
4.5827,-2.7963,3.0016,0.0000
4.5389,-2.7900,2.9986,0.0000
4.4890,-2.7828,2.9968,0.0000
4.4286,-2.7740,2.9970,0.0000
4.3798,-2.7669,2.9989,0.0000
4.3367,-2.7608,3.0020,0.0000
4.2970,-2.7553,3.0061,0.0000
4.2591,-2.7502,3.0108,0.0000
4.2210,-2.7453,3.0155,0.0000
4.1829,-2.7406,3.0201,0.0000
4.1446,-2.7360,3.0247,0.0000
4.1061,-2.7315,3.0292,0.0000
4.0675,-2.7273,3.0337,0.0000
4.0287,-2.7232,3.0381,0.0000
3.9897,-2.7192,3.0425,0.0000
3.9505,-2.7154,3.0468,0.0000
3.9110,-2.7117,3.0510,0.0000
3.8712,-2.7082,3.0552,0.0000
3.8312,-2.7048,3.0592,0.0000
3.7909,-2.7016,3.0632,0.0000
3.7501,-2.6984,3.0670,0.0000
3.7090,-2.6954,3.0708,0.0000
3.6675,-2.6926,3.0744,0.0000
3.6255,-2.6898,3.0779,0.0000
3.5829,-2.6872,3.0812,0.0000
3.5398,-2.6846,3.0844,0.0000
3.4959,-2.6822,3.0874,0.0000
3.4513,-2.6798,3.0903,0.0000
3.4058,-2.6776,3.0929,0.0000
3.3593,-2.6754,3.0954,0.0000
3.3115,-2.6732,3.0975,0.0000
3.2622,-2.6711,3.0995,0.0000
3.2111,-2.6690,3.1011,0.0000
3.1574,-2.6668,3.1024,0.0000
3.1001,-2.6646,3.1032,0.0000
3.0354,-2.6621,3.1036,0.0000
2.9700,-2.6596,3.1033,0.0000
2.9127,-2.6574,3.1024,0.0000
2.8593,-2.6553,3.1011,0.0000
2.8086,-2.6532,3.0994,0.0000
2.7601,-2.6511,3.0973,0.0000
2.7132,-2.6490,3.0950,0.0000
2.6677,-2.6468,3.0923,0.0000
2.6234,-2.6445,3.0894,0.0000
2.5802,-2.6422,3.0862,0.0000
2.5378,-2.6398,3.0828,0.0000
2.4963,-2.6373,3.0792,0.0000
2.4555,-2.6347,3.0754,0.0000
2.4146,-2.6319,3.0716,0.0000
2.3732,-2.6289,3.0679,0.0000
2.3315,-2.6257,3.0643,0.0000
2.2894,-2.6224,3.0609,0.0000
2.2468,-2.6189,3.0576,0.0000
2.2037,-2.6152,3.0544,0.0000
2.1602,-2.6113,3.0513,0.0000
2.1161,-2.6072,3.0484,0.0000
2.0715,-2.6030,3.0456,0.0000
2.0262,-2.5986,3.0429,0.0000
1.9804,-2.5940,3.0404,0.0000
1.9338,-2.5892,3.0380,0.0000
1.8865,-2.5842,3.0357,0.0000
1.8384,-2.5791,3.0337,0.0000
1.7893,-2.5737,3.0317,0.0000
1.7393,-2.5681,3.0300,0.0000
1.6881,-2.5624,3.0284,0.0000
1.6356,-2.5564,3.0270,0.0000
1.5816,-2.5501,3.0258,0.0000
1.5257,-2.5436,3.0249,0.0000
1.4675,-2.5367,3.0241,0.0000
1.4059,-2.5294,3.0236,0.0000
1.3378,-2.5214,3.0234,0.0000
1.2699,-2.5133,3.0236,0.0000
1.2083,-2.5060,3.0241,0.0000
1.1501,-2.4992,3.0249,0.0000
1.0941,-2.4926,3.0258,0.0000
1.0400,-2.4864,3.0270,0.0000
0.9874,-2.4804,3.0284,0.0000
0.9361,-2.4746,3.0299,0.0000
0.8858,-2.4690,3.0317,0.0000
0.8366,-2.4636,3.0335,0.0000
0.7882,-2.4584,3.0356,0.0000
0.7407,-2.4534,3.0378,0.0000
0.6938,-2.4486,3.0401,0.0000
0.6476,-2.4439,3.0425,0.0000
0.6021,-2.4394,3.0451,0.0000
0.5571,-2.4351,3.0479,0.0000
0.5126,-2.4310,3.0507,0.0000
0.4687,-2.4271,3.0537,0.0000
0.4252,-2.4233,3.0568,0.0000
0.3821,-2.4197,3.0600,0.0000
0.3395,-2.4163,3.0633,0.0000
0.2973,-2.4131,3.0667,0.0000
0.2555,-2.4100,3.0703,0.0000
0.2140,-2.4071,3.0739,0.0000
0.1729,-2.4044,3.0776,0.0000
0.1321,-2.4019,3.0815,0.0000
0.0917,-2.3995,3.0854,0.0000
0.0515,-2.3974,3.0895,0.0000
0.0116,-2.3954,3.0936,0.0000
-0.0279,-2.3935,3.0978,0.0000
-0.0672,-2.3919,3.1022,0.0000
-0.1063,-2.3904,3.1066,0.0000
-0.1450,-2.3892,3.1111,0.0000
-0.1836,-2.3881,3.1157,0.0000
-0.2219,-2.3872,3.1204,0.0000
-0.2599,-2.3865,3.1251,0.0000
-0.2978,-2.3859,3.1300,0.0000
-0.3354,-2.3856,3.1349,0.0000
-0.3728,-2.3854,3.1399,0.0000
-0.4099,-2.3855,-3.1382,0.0000
-0.4469,-2.3857,-3.1330,0.0000
-0.4837,-2.3861,-3.1278,0.0000
-0.5203,-2.3867,-3.1225,0.0000
-0.5567,-2.3875,-3.1171,0.0000
-0.5930,-2.3885,-3.1116,0.0000
-0.6290,-2.3897,-3.1061,0.0000
-0.6649,-2.3910,-3.1005,0.0000
-0.7006,-2.3926,-3.0948,0.0000
-0.7361,-2.3944,-3.0891,0.0000
-0.7715,-2.3963,-3.0833,0.0000
-0.8067,-2.3985,-3.0774,0.0000
-0.8417,-2.4008,-3.0715,0.0000
-0.8766,-2.4034,-3.0655,0.0000
-0.9114,-2.4062,-3.0594,0.0000
-0.9460,-2.4091,-3.0533,0.0000
-0.9804,-2.4123,-3.0471,0.0000
-1.0147,-2.4156,-3.0409,0.0000
-1.0489,-2.4192,-3.0346,0.0000
-1.0829,-2.4230,-3.0283,0.0000
-1.1168,-2.4269,-3.0219,0.0000
-1.1506,-2.4311,-3.0154,0.0000
-1.1842,-2.4355,-3.0089,0.0000
-1.2177,-2.4401,-3.0024,0.0000
-1.2511,-2.4448,-2.9958,0.0000
-1.2844,-2.4498,-2.9892,0.0000
-1.3175,-2.4550,-2.9825,0.0000
-1.3505,-2.4605,-2.9758,0.0000
-1.3834,-2.4661,-2.9690,0.0000
-1.4162,-2.4719,-2.9622,0.0000
-1.4489,-2.4779,-2.9554,0.0000
-1.4814,-2.4842,-2.9485,0.0000
-1.5139,-2.4906,-2.9416,0.0000
-1.5462,-2.4973,-2.9346,0.0000
-1.5784,-2.5042,-2.9276,0.0000
-1.6105,-2.5113,-2.9206,0.0000
-1.6425,-2.5186,-2.9136,0.0000
-1.6744,-2.5261,-2.9065,0.0000
-1.7062,-2.5339,-2.8994,0.0000
-1.7379,-2.5418,-2.8923,0.0000
-1.7695,-2.5500,-2.8852,0.0000
-1.8010,-2.5583,-2.8780,0.0000
-1.8324,-2.5669,-2.8708,0.0000
-1.8637,-2.5758,-2.8636,0.0000
-1.8949,-2.5848,-2.8564,0.0000
-1.9260,-2.5940,-2.8491,0.0000
-1.9570,-2.6035,-2.8419,0.0000
-1.9879,-2.6132,-2.8346,0.0000
-2.0188,-2.6231,-2.8273,0.0000
-2.0495,-2.6332,-2.8201,0.0000
-2.0802,-2.6435,-2.8128,0.0000
-2.1107,-2.6541,-2.8055,0.0000
-2.1412,-2.6648,-2.7981,0.0000
-2.1716,-2.6758,-2.7908,0.0000
-2.2019,-2.6870,-2.7835,0.0000
-2.2321,-2.6985,-2.7762,0.0000
-2.2622,-2.7101,-2.7689,0.0000
-2.2923,-2.7220,-2.7616,0.0000
-2.3223,-2.7341,-2.7543,0.0000
-2.3521,-2.7464,-2.7469,0.0000
-2.3819,-2.7590,-2.7396,0.0000
-2.4117,-2.7717,-2.7323,0.0000
-2.4413,-2.7847,-2.7251,0.0000
-2.4709,-2.7979,-2.7178,0.0000
-2.5004,-2.8113,-2.7105,0.0000
-2.5298,-2.8250,-2.7033,0.0000
-2.5591,-2.8389,-2.6960,0.0000
-2.5883,-2.8530,-2.6888,0.0000
-2.6175,-2.8673,-2.6815,0.0000
-2.6465,-2.8818,-2.6743,0.0000
-2.6754,-2.8965,-2.6670,0.0000
-2.7041,-2.9114,-2.6597,0.0000
-2.7327,-2.9265,-2.6524,0.0000
-2.7611,-2.9417,-2.6451,0.0000
-2.7893,-2.9571,-2.6377,0.0000
-2.8173,-2.9727,-2.6302,0.0000
-2.8451,-2.9885,-2.6227,0.0000
-2.8727,-3.0043,-2.6151,0.0000
-2.9000,-3.0204,-2.6074,0.0000
-2.9271,-3.0365,-2.5997,0.0000
-2.9539,-3.0528,-2.5919,0.0000
-2.9805,-3.0693,-2.5840,0.0000
-3.0068,-3.0858,-2.5759,0.0000
-3.0328,-3.1025,-2.5678,0.0000
-3.0585,-3.1193,-2.5596,0.0000
-3.0840,-3.1361,-2.5512,0.0000
-3.1090,-3.1531,-2.5427,0.0000
-3.1338,-3.1701,-2.5341,0.0000
-3.1582,-3.1873,-2.5253,0.0000
-3.1823,-3.2045,-2.5163,0.0000
-3.2060,-3.2218,-2.5072,0.0000
-3.2294,-3.2392,-2.4979,0.0000
-3.2524,-3.2566,-2.4884,0.0000
-3.2750,-3.2740,-2.4788,0.0000
-3.2972,-3.2916,-2.4689,0.0000
-3.3190,-3.3091,-2.4589,0.0000
-3.3405,-3.3268,-2.4486,0.0000
-3.3615,-3.3444,-2.4380,0.0000
-3.3821,-3.3621,-2.4273,0.0000
-3.4023,-3.3798,-2.4163,0.0000
-3.4220,-3.3975,-2.4050,0.0000
-3.4414,-3.4152,-2.3934,0.0000
-3.4602,-3.4329,-2.3816,0.0000
-3.4787,-3.4507,-2.3695,0.0000
-3.4967,-3.4684,-2.3571,0.0000
-3.5142,-3.4861,-2.3443,0.0000
-3.5312,-3.5038,-2.3312,0.0000
-3.5479,-3.5215,-2.3178,0.0000
-3.5640,-3.5392,-2.3040,0.0000
-3.5796,-3.5568,-2.2898,0.0000
-3.5948,-3.5744,-2.2753,0.0000
-3.6095,-3.5920,-2.2604,0.0000
-3.6238,-3.6095,-2.2450,0.0000
-3.6375,-3.6270,-2.2293,0.0000
-3.6508,-3.6444,-2.2131,0.0000
-3.6636,-3.6618,-2.1964,0.0000
-3.6758,-3.6791,-2.1793,0.0000
-3.6876,-3.6963,-2.1618,0.0000
-3.6990,-3.7135,-2.1437,0.0000
-3.7098,-3.7307,-2.1252,0.0000
-3.7201,-3.7477,-2.1061,0.0000
-3.7299,-3.7647,-2.0865,0.0000
-3.7393,-3.7816,-2.0664,0.0000
-3.7482,-3.7984,-2.0458,0.0000
-3.7565,-3.8151,-2.0247,0.0000
-3.7644,-3.8317,-2.0030,0.0000
-3.7719,-3.8483,-1.9807,0.0000
-3.7788,-3.8647,-1.9579,0.0000
-3.7852,-3.8811,-1.9346,0.0000
-3.7912,-3.8974,-1.9107,0.0000
-3.7967,-3.9136,-1.8863,0.0000
-3.8018,-3.9296,-1.8613,0.0000
-3.8063,-3.9456,-1.8359,0.0000
-3.8104,-3.9615,-1.8099,0.0000
-3.8140,-3.9773,-1.7834,0.0000
-3.8172,-3.9930,-1.7564,0.0000
-3.8199,-4.0086,-1.7290,0.0000
-3.8222,-4.0242,-1.7011,0.0000
-3.8240,-4.0396,-1.6728,0.0000
-3.8253,-4.0549,-1.6442,0.0000
-3.8262,-4.0701,-1.6152,0.0000
-3.8267,-4.0853,-1.5859,0.0000
-3.8267,-4.1004,-1.5563,0.0000
-3.8262,-4.1153,-1.5265,0.0000
-3.8254,-4.1302,-1.4966,0.0000
-3.8240,-4.1452,-1.4669,0.0000
-3.8222,-4.1602,-1.4374,0.0000
-3.8200,-4.1753,-1.4083,0.0000
-3.8173,-4.1904,-1.3796,0.0000
-3.8141,-4.2055,-1.3512,0.0000
-3.8105,-4.2208,-1.3233,0.0000
-3.8064,-4.2361,-1.2958,0.0000
-3.8019,-4.2514,-1.2688,0.0000
-3.7968,-4.2668,-1.2423,0.0000
-3.7913,-4.2823,-1.2163,0.0000
-3.7854,-4.2978,-1.1909,0.0000
-3.7789,-4.3134,-1.1659,0.0000
-3.7720,-4.3290,-1.1416,0.0000
-3.7646,-4.3447,-1.1177,0.0000
-3.7567,-4.3605,-1.0945,0.0000
-3.7483,-4.3763,-1.0718,0.0000
-3.7394,-4.3922,-1.0496,0.0000
-3.7300,-4.4081,-1.0281,0.0000
-3.7201,-4.4241,-1.0070,0.0000
-3.7098,-4.4401,-0.9866,0.0000
-3.6989,-4.4562,-0.9666,0.0000
-3.6876,-4.4723,-0.9472,0.0000
-3.6757,-4.4884,-0.9283,0.0000
-3.6634,-4.5046,-0.9099,0.0000
-3.6505,-4.5209,-0.8921,0.0000
-3.6372,-4.5371,-0.8747,0.0000
-3.6233,-4.5534,-0.8578,0.0000
-3.6090,-4.5697,-0.8413,0.0000
-3.5941,-4.5860,-0.8253,0.0000
-3.5788,-4.6024,-0.8098,0.0000
-3.5630,-4.6187,-0.7947,0.0000
-3.5467,-4.6351,-0.7799,0.0000
-3.5299,-4.6514,-0.7656,0.0000
-3.5127,-4.6678,-0.7517,0.0000
-3.4949,-4.6842,-0.7381,0.0000
-3.4767,-4.7005,-0.7249,0.0000
-3.4580,-4.7168,-0.7121,0.0000
-3.4389,-4.7332,-0.6995,0.0000
-3.4193,-4.7495,-0.6873,0.0000
-3.3992,-4.7657,-0.6754,0.0000
-3.3787,-4.7820,-0.6638,0.0000
-3.3577,-4.7982,-0.6525,0.0000
-3.3364,-4.8143,-0.6415,0.0000
-3.3145,-4.8304,-0.6307,0.0000
-3.2923,-4.8465,-0.6201,0.0000
-3.2697,-4.8625,-0.6098,0.0000
-3.2466,-4.8784,-0.5998,0.0000
-3.2232,-4.8943,-0.5899,0.0000
-3.1993,-4.9101,-0.5803,0.0000
-3.1751,-4.9258,-0.5708,0.0000
-3.1505,-4.9414,-0.5616,0.0000
-3.1255,-4.9570,-0.5525,0.0000
-3.1002,-4.9724,-0.5436,0.0000
-3.0746,-4.9877,-0.5348,0.0000
-3.0486,-5.0030,-0.5262,0.0000
-3.0223,-5.0181,-0.5177,0.0000
-2.9957,-5.0331,-0.5094,0.0000
-2.9688,-5.0480,-0.5012,0.0000
-2.9416,-5.0628,-0.4931,0.0000
-2.9141,-5.0774,-0.4851,0.0000
-2.8863,-5.0919,-0.4772,0.0000
-2.8583,-5.1062,-0.4694,0.0000
-2.8301,-5.1204,-0.4617,0.0000
-2.8017,-5.1344,-0.4541,0.0000
-2.7730,-5.1483,-0.4465,0.0000
-2.7442,-5.1619,-0.4389,0.0000
-2.7152,-5.1754,-0.4315,0.0000
-2.6861,-5.1887,-0.4240,0.0000
-2.6569,-5.2017,-0.4165,0.0000
-2.6276,-5.2146,-0.4090,0.0000
-2.5982,-5.2272,-0.4015,0.0000
-2.5687,-5.2396,-0.3940,0.0000
-2.5391,-5.2517,-0.3865,0.0000
-2.5095,-5.2637,-0.3790,0.0000
-2.4797,-5.2754,-0.3715,0.0000
-2.4498,-5.2869,-0.3640,0.0000
-2.4198,-5.2982,-0.3566,0.0000
-2.3897,-5.3093,-0.3491,0.0000
-2.3596,-5.3201,-0.3416,0.0000
-2.3293,-5.3308,-0.3342,0.0000
-2.2989,-5.3412,-0.3268,0.0000
-2.2684,-5.3514,-0.3194,0.0000
-2.2378,-5.3614,-0.3120,0.0000
-2.2072,-5.3712,-0.3046,0.0000
-2.1764,-5.3807,-0.2973,0.0000
-2.1455,-5.3901,-0.2899,0.0000
-2.1145,-5.3992,-0.2826,0.0000
-2.0833,-5.4081,-0.2753,0.0000
-2.0521,-5.4168,-0.2681,0.0000
-2.0208,-5.4253,-0.2608,0.0000
-1.9894,-5.4336,-0.2536,0.0000
-1.9578,-5.4416,-0.2464,0.0000
-1.9261,-5.4495,-0.2393,0.0000
-1.8944,-5.4571,-0.2322,0.0000
-1.8625,-5.4645,-0.2251,0.0000
-1.8305,-5.4717,-0.2180,0.0000
-1.7984,-5.4787,-0.2110,0.0000
-1.7662,-5.4855,-0.2040,0.0000
-1.7338,-5.4921,-0.1971,0.0000
-1.7014,-5.4984,-0.1902,0.0000
-1.6688,-5.5046,-0.1833,0.0000
-1.6361,-5.5105,-0.1765,0.0000
-1.6033,-5.5163,-0.1697,0.0000
-1.5703,-5.5218,-0.1629,0.0000
-1.5373,-5.5271,-0.1562,0.0000
-1.5041,-5.5322,-0.1496,0.0000
-1.4707,-5.5372,-0.1429,0.0000
-1.4373,-5.5419,-0.1364,0.0000
-1.4037,-5.5464,-0.1299,0.0000
-1.3700,-5.5506,-0.1234,0.0000
-1.3362,-5.5547,-0.1170,0.0000
-1.3023,-5.5586,-0.1106,0.0000
-1.2682,-5.5623,-0.1043,0.0000
-1.2339,-5.5658,-0.0980,0.0000
-1.1996,-5.5690,-0.0918,0.0000
-1.1651,-5.5721,-0.0857,0.0000
-1.1304,-5.5750,-0.0796,0.0000
-1.0957,-5.5776,-0.0735,0.0000
-1.0607,-5.5801,-0.0675,0.0000
-1.0257,-5.5824,-0.0616,0.0000
-0.9905,-5.5844,-0.0557,0.0000
-0.9551,-5.5863,-0.0499,0.0000
-0.9196,-5.5880,-0.0442,0.0000
-0.8839,-5.5894,-0.0385,0.0000
-0.8481,-5.5907,-0.0328,0.0000
-0.8122,-5.5918,-0.0273,0.0000
-0.7760,-5.5927,-0.0218,0.0000
-0.7397,-5.5934,-0.0163,0.0000
-0.7033,-5.5939,-0.0109,0.0000
-0.6667,-5.5942,-0.0056,0.0000
-0.6299,-5.5943,-0.0004,0.0000
-0.5929,-5.5942,0.0048,0.0000
-0.5558,-5.5939,0.0099,0.0000
-0.5185,-5.5935,0.0149,0.0000
-0.4810,-5.5928,0.0199,0.0000
-0.4433,-5.5920,0.0248,0.0000
-0.4055,-5.5909,0.0296,0.0000
-0.3675,-5.5897,0.0344,0.0000
-0.3292,-5.5883,0.0391,0.0000
-0.2908,-5.5867,0.0437,0.0000
-0.2522,-5.5850,0.0483,0.0000
-0.2133,-5.5830,0.0527,0.0000
-0.1743,-5.5808,0.0571,0.0000
-0.1350,-5.5785,0.0615,0.0000
-0.0956,-5.5760,0.0657,0.0000
-0.0559,-5.5733,0.0699,0.0000
-0.0159,-5.5704,0.0740,0.0000
0.0242,-5.5674,0.0780,0.0000
0.0646,-5.5641,0.0820,0.0000
0.1053,-5.5607,0.0858,0.0000
0.1462,-5.5571,0.0896,0.0000
0.1873,-5.5533,0.0933,0.0000
0.2288,-5.5494,0.0970,0.0000
0.2705,-5.5452,0.1005,0.0000
0.3124,-5.5409,0.1040,0.0000
0.3547,-5.5365,0.1073,0.0000
0.3973,-5.5318,0.1106,0.0000
0.4402,-5.5270,0.1138,0.0000
0.4834,-5.5219,0.1170,0.0000
0.5270,-5.5168,0.1200,0.0000
0.5709,-5.5114,0.1229,0.0000
0.6152,-5.5059,0.1258,0.0000
0.6598,-5.5002,0.1286,0.0000
0.7049,-5.4943,0.1312,0.0000
0.7504,-5.4882,0.1338,0.0000
0.7963,-5.4820,0.1363,0.0000
0.8426,-5.4755,0.1387,0.0000
0.8895,-5.4690,0.1409,0.0000
0.9369,-5.4622,0.1431,0.0000
0.9848,-5.4552,0.1452,0.0000
1.0333,-5.4481,0.1472,0.0000
1.0824,-5.4408,0.1490,0.0000
1.1322,-5.4332,0.1508,0.0000
1.1828,-5.4255,0.1524,0.0000
1.2341,-5.4176,0.1539,0.0000
1.2863,-5.4094,0.1553,0.0000
1.3395,-5.4011,0.1566,0.0000
1.3938,-5.3925,0.1577,0.0000
1.4493,-5.3836,0.1587,0.0000
1.5064,-5.3745,0.1595,0.0000
1.5652,-5.3650,0.1602,0.0000
1.6265,-5.3551,0.1606,0.0000
1.6910,-5.3446,0.1609,0.0000
1.7619,-5.3331,0.1610,0.0000
1.8289,-5.3222,0.1608,0.0000
1.8915,-5.3121,0.1604,0.0000
1.9513,-5.3024,0.1598,0.0000
2.0091,-5.2931,0.1591,0.0000
2.0654,-5.2841,0.1581,0.0000
2.1202,-5.2754,0.1571,0.0000
2.1739,-5.2669,0.1559,0.0000
2.2265,-5.2587,0.1546,0.0000
2.2782,-5.2507,0.1531,0.0000
2.3291,-5.2429,0.1515,0.0000
2.3792,-5.2353,0.1498,0.0000
2.4286,-5.2278,0.1480,0.0000
2.4774,-5.2206,0.1461,0.0000
2.5255,-5.2136,0.1441,0.0000
2.5731,-5.2067,0.1419,0.0000
2.6202,-5.2001,0.1397,0.0000
2.6667,-5.1936,0.1374,0.0000
2.7128,-5.1873,0.1349,0.0000
2.7584,-5.1811,0.1324,0.0000
2.8036,-5.1752,0.1297,0.0000
2.8484,-5.1694,0.1270,0.0000
2.8929,-5.1638,0.1242,0.0000
2.9369,-5.1583,0.1213,0.0000
2.9806,-5.1531,0.1183,0.0000
3.0239,-5.1480,0.1152,0.0000
3.0669,-5.1431,0.1120,0.0000
3.1096,-5.1384,0.1087,0.0000
3.1519,-5.1338,0.1054,0.0000
3.1940,-5.1294,0.1019,0.0000
3.2358,-5.1252,0.0984,0.0000
3.2773,-5.1212,0.0948,0.0000
3.3185,-5.1174,0.0911,0.0000
3.3595,-5.1137,0.0874,0.0000
3.4002,-5.1102,0.0835,0.0000
3.4406,-5.1069,0.0796,0.0000
3.4808,-5.1038,0.0756,0.0000
3.5208,-5.1008,0.0715,0.0000
3.5605,-5.0981,0.0673,0.0000
3.6001,-5.0955,0.0631,0.0000
3.6393,-5.0931,0.0588,0.0000
3.6784,-5.0909,0.0544,0.0000
